2, 2, 1, 4, 50, 15
2, 2, 1, 4, 53, 15
2, 2, 1, 5, 49, 15
2, 2, 1, 5, 50, 16
2, 2, 1, 5, 53, 16
2, 2, 1, 5, 54, 15
2, 2, 1, 6, 49, 16
2, 2, 1, 6, 55, 15
2, 2, 1, 7, 47, 15
2, 2, 1, 7, 48, 16
2, 2, 1, 8, 46, 15
2, 2, 1, 8, 47, 16
2, 2, 1, 9, 45, 3
2, 2, 1, 9, 46, 16
2, 2, 1, 10, 44, 4
2, 2, 1, 12, 46, 16
2, 2, 1, 12, 49, 16
2, 2, 1, 11, 43, 4
2, 2, 1, 13, 47, 15
2, 2, 1, 12, 42, 4
2, 2, 1, 14, 41, 4
2, 2, 1, 17, 41, 4
2, 2, 1, 15, 52, 22
2, 2, 1, 16, 47, 25
2, 2, 1, 19, 42, 4
2, 2, 1, 17, 46, 25
2, 2, 1, 20, 43, 4
2, 2, 1, 21, 44, 4
2, 2, 1, 19, 45, 25
2, 2, 1, 22, 45, 25
2, 2, 1, 23, 46, 25
2, 2, 1, 24, 47, 4
2, 2, 1, 25, 48, 4
2, 2, 1, 24, 33, 5
2, 2, 1, 24, 36, 5
2, 2, 1, 26, 49, 4
2, 2, 1, 25, 32, 5
2, 2, 1, 25, 33, 7
2, 2, 1, 25, 36, 7
2, 2, 1, 25, 37, 6
2, 2, 1, 27, 50, 4
2, 2, 1, 26, 31, 5
2, 2, 1, 26, 32, 7
2, 2, 1, 26, 37, 7
2, 2, 1, 26, 38, 6
2, 2, 1, 28, 51, 4
2, 2, 1, 27, 30, 5
2, 2, 1, 27, 31, 7
2, 2, 1, 27, 38, 7
2, 2, 1, 27, 39, 6
2, 2, 1, 28, 29, 5
2, 2, 1, 28, 30, 7
2, 2, 1, 28, 38, 14
2, 2, 1, 28, 42, 14
2, 2, 1, 28, 47, 4
2, 2, 1, 28, 50, 4
2, 2, 1, 29, 28, 5
2, 2, 1, 29, 29, 7
2, 2, 1, 29, 43, 14
2, 2, 1, 29, 46, 4
2, 2, 1, 30, 27, 5
2, 2, 1, 30, 28, 7
2, 2, 1, 30, 44, 14
2, 2, 1, 30, 45, 4
2, 2, 1, 31, 26, 5
2, 2, 1, 31, 27, 7
2, 2, 1, 31, 45, 14
2, 2, 1, 32, 25, 5
2, 2, 1, 32, 26, 7
2, 2, 1, 32, 46, 14
2, 2, 1, 33, 24, 5
2, 2, 1, 33, 25, 7
2, 2, 1, 35, 38, 14
2, 2, 1, 34, 23, 5
2, 2, 1, 34, 24, 7
2, 2, 1, 36, 41, 14
2, 2, 1, 35, 23, 6
2, 2, 1, 38, 23, 6
2, 2, 1, 38, 24, 7
2, 2, 1, 39, 24, 6
2, 2, 1, 39, 25, 7
2, 2, 1, 40, 25, 6
2, 2, 1, 40, 26, 7
2, 2, 1, 41, 26, 6
2, 2, 1, 41, 25, 21
2, 2, 1, 41, 26, 22
2, 2, 1, 41, 29, 22
2, 2, 1, 42, 24, 21
2, 2, 1, 44, 26, 22
2, 2, 1, 44, 29, 22
2, 2, 1, 42, 30, 21
2, 2, 1, 43, 23, 3
2, 2, 1, 45, 24, 21
2, 2, 1, 43, 31, 21
2, 2, 1, 44, 13, 3
2, 2, 1, 44, 18, 3
2, 2, 1, 44, 22, 3
2, 2, 1, 44, 23, 18
2, 2, 1, 46, 25, 21
2, 2, 1, 45, 19, 3
2, 2, 1, 47, 22, 3
2, 2, 1, 45, 23, 20
2, 2, 1, 47, 26, 21
2, 2, 1, 46, 12, 4
2, 2, 1, 46, 15, 4
2, 2, 1, 46, 20, 3
2, 2, 1, 48, 23, 20
2, 2, 1, 46, 32, 16
2, 2, 1, 47, 11, 4
2, 2, 1, 47, 16, 28
2, 2, 1, 47, 21, 28
2, 2, 1, 47, 22, 7
2, 2, 1, 49, 24, 20
2, 2, 1, 48, 12, 6
2, 2, 1, 48, 16, 6
2, 2, 1, 48, 23, 7
2, 2, 1, 49, 10, 4
2, 2, 1, 49, 11, 6
2, 2, 1, 50, 10, 6
2, 2, 1, 50, 24, 2
2, 2, 1, 51, 9, 6
2, 2, 1, 51, 24, 3
2, 2, 1, 51, 25, 2
2, 2, 1, 52, 25, 3
2, 2, 1, 52, 26, 2
2, 2, 1, 53, 8, 6
2, 2, 1, 57, 7, 6
4, 50, 15, 2, 2, 1
4, 50, 15, 8, 53, 16
4, 50, 15, 7, 56, 3
4, 50, 15, 8, 58, 6
4, 50, 15, 9, 59, 6
4, 50, 15, 10, 60, 6
4, 50, 15, 12, 57, 22
4, 50, 15, 12, 60, 22
4, 50, 15, 13, 55, 22
4, 50, 15, 13, 61, 22
4, 50, 15, 14, 54, 22
4, 50, 15, 16, 52, 25
4, 50, 15, 17, 53, 25
4, 50, 15, 20, 53, 22
4, 50, 15, 21, 53, 25
4, 50, 15, 22, 69, 20
4, 50, 15, 23, 70, 20
4, 50, 15, 32, 54, 21
4, 50, 15, 33, 87, 14
4, 50, 15, 33, 93, 11
4, 50, 15, 33, 95, 17
4, 50, 15, 34, 88, 14
4, 50, 15, 35, 89, 14
4, 50, 15, 38, 33, 7
4, 50, 15, 39, 32, 7
4, 50, 15, 40, 31, 7
4, 50, 15, 41, 30, 6
4, 50, 15, 46, 31, 21
4, 50, 15, 47, 30, 21
4, 50, 15, 47, 31, 20
4, 50, 15, 48, 30, 20
4, 50, 15, 49, 29, 20
4, 50, 15, 48, 22, 28
4, 50, 15, 49, 23, 28
4, 53, 15, 2, 2, 1
4, 53, 15, 9, 55, 15
4, 53, 15, 11, 61, 6
4, 53, 15, 12, 62, 5
4, 53, 15, 13, 63, 5
4, 53, 15, 14, 64, 5
4, 53, 15, 15, 62, 6
4, 53, 15, 15, 65, 5
4, 53, 15, 16, 65, 9
4, 53, 15, 16, 66, 5
4, 53, 15, 17, 66, 9
4, 53, 15, 17, 67, 5
4, 53, 15, 18, 68, 5
4, 53, 15, 19, 69, 5
4, 53, 15, 22, 52, 25
4, 53, 15, 20, 70, 5
4, 53, 15, 21, 71, 5
4, 53, 15, 22, 66, 20
4, 53, 15, 22, 72, 5
4, 53, 15, 23, 71, 17
4, 53, 15, 23, 73, 5
4, 53, 15, 24, 72, 17
4, 53, 15, 27, 70, 20
4, 53, 15, 27, 53, 14
4, 53, 15, 30, 53, 14
4, 53, 15, 31, 54, 14
4, 53, 15, 31, 77, 16
4, 53, 15, 31, 81, 16
4, 53, 15, 32, 82, 16
4, 53, 15, 33, 83, 16
4, 53, 15, 36, 54, 21
4, 53, 15, 34, 78, 18
4, 53, 15, 38, 54, 20
4, 53, 15, 38, 83, 16
4, 53, 15, 38, 89, 14
4, 53, 15, 39, 88, 14
4, 53, 15, 39, 93, 11
4, 53, 15, 39, 95, 17
5, 49, 15, 2, 2, 1
5, 49, 15, 9, 52, 16
5, 49, 15, 34, 37, 7
5, 49, 15, 35, 36, 7
5, 49, 15, 36, 35, 7
5, 49, 15, 36, 59, 24
5, 49, 15, 37, 34, 7
5, 49, 15, 37, 36, 3
5, 49, 15, 40, 33, 5
5, 49, 15, 42, 34, 3
5, 49, 15, 47, 31, 16
5, 49, 15, 48, 30, 16
5, 49, 15, 52, 29, 16
5, 49, 15, 53, 28, 5
5, 49, 15, 53, 30, 16
5, 49, 15, 51, 65, 26
5, 49, 15, 55, 65, 26
5, 49, 15, 54, 28, 5
5, 49, 15, 56, 66, 26
5, 50, 16, 2, 2, 1
5, 50, 16, 10, 54, 15
5, 50, 16, 32, 55, 14
5, 50, 16, 33, 55, 16
5, 50, 16, 36, 55, 16
5, 50, 16, 37, 59, 15
5, 50, 16, 45, 59, 15
5, 50, 16, 45, 60, 13
5, 50, 16, 46, 35, 16
5, 50, 16, 50, 28, 20
5, 50, 16, 51, 35, 16
5, 50, 16, 51, 61, 13
5, 50, 16, 52, 34, 16
5, 50, 16, 52, 62, 13
5, 50, 16, 53, 33, 16
5, 50, 16, 53, 58, 21
5, 50, 16, 54, 59, 21
5, 50, 16, 55, 60, 20
5, 50, 16, 59, 60, 20
5, 53, 16, 2, 2, 1
5, 53, 16, 10, 51, 16
5, 53, 16, 11, 50, 16
5, 53, 16, 11, 53, 15
5, 53, 16, 12, 52, 15
5, 53, 16, 31, 53, 9
5, 53, 16, 33, 101, 17
5, 53, 16, 40, 96, 17
5, 53, 16, 49, 29, 16
5, 54, 15, 2, 2, 1
5, 54, 15, 33, 102, 12
6, 49, 16, 2, 2, 1
6, 49, 16, 25, 55, 14
6, 49, 16, 34, 57, 14
6, 49, 16, 32, 59, 24
6, 49, 16, 37, 61, 24
6, 49, 16, 51, 66, 13
6, 49, 16, 52, 65, 13
6, 49, 16, 50, 66, 26
6, 49, 16, 54, 23, 28
6, 49, 16, 57, 67, 26
6, 49, 16, 56, 27, 24
8, 53, 16, 4, 50, 15
6, 55, 15, 2, 2, 1
6, 55, 15, 13, 51, 15
6, 55, 15, 28, 72, 17
6, 55, 15, 29, 51, 4
6, 55, 15, 31, 50, 9
6, 55, 15, 32, 50, 21
6, 55, 15, 35, 50, 21
6, 55, 15, 41, 98, 17
7, 47, 15, 2, 2, 1
7, 47, 15, 33, 38, 7
7, 47, 15, 31, 60, 24
7, 47, 15, 36, 37, 3
7, 47, 15, 36, 45, 14
7, 47, 15, 38, 45, 4
7, 47, 15, 41, 45, 3
7, 47, 15, 41, 45, 3
7, 47, 15, 45, 33, 5
7, 47, 15, 45, 33, 5
7, 47, 15, 46, 44, 16
7, 47, 15, 47, 43, 16
7, 47, 15, 51, 43, 16
7, 47, 15, 52, 44, 16
7, 47, 15, 53, 45, 16
7, 47, 15, 55, 22, 28
7, 47, 15, 56, 22, 24
7, 48, 16, 2, 2, 1
7, 48, 16, 40, 34, 3
7, 48, 16, 50, 67, 13
9, 52, 16, 5, 49, 15
9, 55, 15, 4, 53, 15
7, 56, 3, 4, 50, 15
8, 46, 15, 2, 2, 1
8, 46, 15, 30, 61, 24
8, 46, 15, 35, 46, 14
8, 46, 15, 35, 46, 19
8, 46, 15, 38, 46, 19
8, 46, 15, 39, 46, 18
8, 46, 15, 39, 47, 19
8, 46, 15, 40, 47, 18
8, 46, 15, 42, 47, 5
8, 46, 15, 44, 35, 3
8, 46, 15, 46, 47, 5
8, 46, 15, 45, 46, 5
8, 46, 15, 46, 47, 16
8, 46, 15, 54, 29, 5
8, 47, 16, 2, 2, 1
8, 47, 16, 25, 58, 14
10, 51, 16, 5, 53, 16
10, 54, 15, 5, 50, 16
8, 58, 6, 4, 50, 15
8, 58, 6, 33, 106, 14
9, 45, 3, 2, 2, 1
9, 45, 3, 21, 56, 9
9, 45, 3, 27, 62, 20
9, 45, 3, 26, 59, 14
9, 45, 3, 28, 63, 20
9, 45, 3, 27, 60, 14
9, 45, 3, 28, 61, 14
9, 45, 3, 29, 62, 14
9, 45, 3, 34, 47, 19
9, 45, 3, 37, 48, 20
9, 45, 3, 47, 48, 16
9, 46, 16, 2, 2, 1
9, 46, 16, 58, 21, 24
11, 50, 16, 5, 53, 16
11, 53, 15, 5, 53, 16
9, 59, 6, 4, 50, 15
10, 44, 4, 2, 2, 1
10, 44, 4, 30, 65, 24
10, 44, 4, 31, 66, 24
10, 44, 4, 32, 49, 20
10, 44, 4, 32, 67, 24
10, 44, 4, 33, 48, 20
10, 44, 4, 33, 68, 24
10, 44, 4, 35, 73, 18
10, 44, 4, 38, 49, 20
10, 44, 4, 36, 72, 18
10, 44, 4, 37, 72, 21
10, 44, 4, 38, 73, 21
10, 44, 4, 39, 74, 21
10, 44, 4, 47, 48, 5
10, 44, 4, 53, 49, 16
12, 46, 16, 2, 2, 1
12, 46, 16, 38, 35, 3
12, 46, 16, 41, 78, 18
12, 46, 16, 63, 27, 24
12, 49, 16, 2, 2, 1
12, 49, 16, 22, 54, 6
12, 49, 16, 23, 55, 6
12, 49, 16, 29, 62, 9
12, 49, 16, 52, 27, 5
12, 52, 15, 5, 53, 16
10, 60, 6, 4, 50, 15
10, 60, 6, 33, 110, 14
11, 43, 4, 2, 2, 1
11, 43, 4, 36, 51, 21
11, 43, 4, 45, 36, 5
11, 43, 4, 48, 49, 16
11, 43, 4, 50, 49, 16
13, 47, 15, 2, 2, 1
13, 47, 15, 64, 26, 24
13, 51, 15, 6, 55, 15
11, 61, 6, 4, 53, 15
12, 42, 4, 2, 2, 1
12, 42, 4, 40, 48, 19
12, 42, 4, 41, 48, 5
12, 42, 4, 46, 37, 5
12, 42, 4, 46, 49, 16
12, 42, 4, 64, 26, 14
12, 42, 4, 64, 52, 6
12, 57, 22, 4, 50, 15
12, 57, 22, 41, 101, 17
12, 57, 22, 48, 94, 17
12, 57, 22, 52, 96, 22
12, 60, 22, 4, 50, 15
12, 60, 22, 54, 60, 6
12, 60, 22, 56, 93, 22
12, 60, 22, 58, 60, 6
12, 62, 5, 4, 53, 15
13, 55, 22, 4, 50, 15
13, 61, 22, 4, 50, 15
13, 61, 22, 34, 111, 14
13, 61, 22, 40, 87, 14
13, 61, 22, 58, 94, 22
13, 63, 5, 4, 53, 15
14, 41, 4, 2, 2, 1
14, 41, 4, 30, 52, 4
14, 41, 4, 34, 56, 4
14, 41, 4, 35, 57, 4
14, 41, 4, 36, 58, 4
14, 41, 4, 54, 50, 5
14, 41, 4, 56, 52, 21
14, 41, 4, 64, 53, 19
14, 54, 22, 4, 50, 15
14, 64, 5, 4, 53, 15
17, 41, 4, 2, 2, 1
17, 41, 4, 33, 56, 14
17, 41, 4, 37, 60, 6
17, 41, 4, 38, 61, 6
17, 41, 4, 38, 60, 6
17, 41, 4, 41, 48, 4
17, 41, 4, 44, 67, 6
17, 41, 4, 45, 68, 21
17, 41, 4, 44, 66, 6
17, 41, 4, 46, 69, 4
17, 41, 4, 45, 67, 13
17, 41, 4, 46, 68, 13
17, 41, 4, 47, 69, 9
17, 41, 4, 48, 70, 3
17, 41, 4, 50, 72, 26
17, 41, 4, 52, 74, 3
17, 41, 4, 53, 75, 7
17, 41, 4, 57, 53, 21
17, 41, 4, 57, 78, 15
17, 41, 4, 57, 79, 13
17, 41, 4, 58, 52, 5
15, 52, 22, 2, 2, 1
15, 52, 22, 19, 58, 22
15, 52, 22, 20, 56, 22
15, 52, 22, 21, 53, 6
15, 52, 22, 26, 54, 14
15, 52, 22, 36, 68, 24
15, 52, 22, 37, 55, 10
15, 52, 22, 37, 66, 24
15, 52, 22, 37, 54, 15
15, 52, 22, 45, 55, 15
15, 52, 22, 44, 55, 16
15, 52, 22, 48, 55, 16
15, 52, 22, 46, 59, 13
15, 52, 22, 49, 59, 13
15, 52, 22, 50, 60, 13
15, 52, 22, 52, 53, 21
15, 52, 22, 52, 57, 21
15, 52, 22, 53, 52, 21
15, 52, 22, 55, 88, 17
15, 52, 22, 53, 93, 22
15, 52, 22, 57, 72, 26
15, 52, 22, 59, 59, 21
15, 52, 22, 57, 67, 11
15, 52, 22, 61, 67, 11
15, 52, 22, 62, 68, 11
15, 52, 22, 63, 69, 11
15, 52, 22, 66, 69, 12
15, 52, 22, 69, 53, 19
15, 52, 22, 67, 69, 14
15, 52, 22, 68, 68, 14
17, 61, 22, 16, 47, 25
15, 62, 6, 4, 53, 15
15, 65, 5, 4, 53, 15
16, 47, 25, 2, 2, 1
16, 47, 25, 17, 61, 22
16, 47, 25, 18, 60, 22
16, 47, 25, 23, 51, 25
16, 47, 25, 50, 25, 20
16, 47, 25, 48, 90, 17
16, 47, 25, 49, 89, 17
16, 47, 25, 50, 88, 17
16, 47, 25, 53, 36, 5
16, 47, 25, 53, 42, 5
16, 47, 25, 54, 34, 5
16, 47, 25, 64, 21, 24
16, 47, 25, 67, 27, 14
16, 47, 25, 71, 54, 19
16, 52, 25, 4, 50, 15
16, 52, 25, 44, 60, 6
16, 52, 25, 44, 61, 6
16, 52, 25, 53, 61, 9
18, 60, 22, 16, 47, 25
16, 61, 9, 24, 47, 4
16, 65, 9, 4, 53, 15
16, 66, 5, 4, 53, 15
19, 42, 4, 2, 2, 1
19, 42, 4, 58, 79, 15
19, 42, 4, 58, 80, 13
19, 42, 4, 59, 79, 16
17, 46, 25, 2, 2, 1
17, 46, 25, 59, 55, 21
17, 53, 25, 4, 50, 15
17, 53, 25, 32, 68, 5
19, 58, 22, 15, 52, 22
17, 60, 9, 24, 47, 4
17, 66, 9, 4, 53, 15
17, 67, 5, 4, 53, 15
20, 43, 4, 2, 2, 1
20, 43, 4, 74, 55, 6
20, 53, 22, 4, 50, 15
20, 53, 22, 58, 93, 14
20, 56, 22, 15, 52, 22
18, 59, 9, 24, 47, 4
18, 68, 5, 4, 53, 15
21, 44, 4, 2, 2, 1
21, 44, 4, 33, 75, 16
19, 45, 25, 2, 2, 1
19, 45, 25, 39, 53, 19
19, 45, 25, 40, 52, 19
19, 45, 25, 46, 41, 5
19, 45, 25, 49, 68, 13
19, 45, 25, 50, 54, 16
19, 45, 25, 58, 54, 21
19, 45, 25, 59, 50, 3
19, 45, 25, 63, 72, 11
19, 45, 25, 69, 51, 6
19, 45, 25, 69, 67, 14
19, 45, 25, 72, 55, 19
19, 45, 25, 72, 59, 19
21, 53, 25, 4, 50, 15
21, 53, 6, 15, 52, 22
19, 58, 9, 24, 47, 4
19, 69, 5, 4, 53, 15
22, 45, 25, 2, 2, 1
22, 45, 25, 28, 67, 20
22, 45, 25, 28, 67, 17
22, 45, 25, 29, 68, 17
22, 45, 25, 29, 71, 17
22, 45, 25, 30, 70, 5
22, 45, 25, 31, 69, 5
22, 45, 25, 32, 76, 16
22, 45, 25, 34, 74, 18
22, 45, 25, 45, 72, 21
22, 45, 25, 44, 50, 16
22, 45, 25, 45, 43, 5
22, 45, 25, 56, 50, 3
22, 45, 25, 67, 73, 14
22, 45, 25, 68, 59, 19
22, 45, 25, 68, 74, 14
22, 45, 25, 72, 27, 14
22, 45, 25, 70, 28, 4
22, 45, 25, 73, 25, 14
22, 45, 25, 72, 20, 24
22, 45, 25, 72, 24, 24
22, 45, 25, 73, 23, 26
22, 45, 25, 73, 24, 25
22, 45, 25, 73, 25, 24
22, 45, 25, 74, 25, 25
22, 45, 25, 74, 26, 20
22, 45, 25, 75, 55, 22
22, 45, 25, 75, 59, 22
22, 45, 25, 76, 45, 14
22, 45, 25, 76, 50, 14
22, 45, 25, 76, 55, 24
22, 45, 25, 76, 59, 24
22, 52, 25, 4, 53, 15
22, 54, 6, 12, 49, 16
20, 57, 9, 24, 47, 4
20, 70, 5, 4, 53, 15
23, 46, 25, 2, 2, 1
23, 46, 25, 23, 62, 20
23, 46, 25, 53, 26, 3
23, 46, 25, 62, 20, 5
23, 46, 25, 71, 66, 6
23, 46, 25, 73, 67, 14
23, 46, 25, 72, 19, 23
23, 46, 25, 74, 24, 26
23, 46, 25, 75, 54, 6
23, 46, 25, 76, 61, 22
23, 46, 25, 77, 44, 14
23, 46, 25, 77, 51, 14
23, 46, 25, 77, 60, 23
23, 51, 25, 16, 47, 25
23, 55, 6, 12, 49, 16
21, 56, 9, 9, 45, 3
21, 71, 5, 4, 53, 15
24, 47, 4, 2, 2, 1
24, 47, 4, 16, 61, 9
24, 47, 4, 17, 60, 9
24, 47, 4, 18, 59, 9
24, 47, 4, 19, 58, 9
24, 47, 4, 20, 57, 9
24, 47, 4, 78, 38, 10
22, 66, 20, 4, 53, 15
22, 69, 20, 4, 50, 15
22, 69, 20, 35, 112, 14
22, 69, 20, 36, 113, 14
22, 69, 20, 39, 113, 14
22, 69, 20, 39, 113, 14
22, 69, 20, 39, 116, 14
22, 69, 20, 40, 117, 14
22, 69, 20, 41, 118, 14
22, 69, 20, 42, 119, 14
22, 69, 20, 45, 119, 14
22, 69, 20, 46, 118, 14
22, 69, 20, 48, 108, 5
22, 69, 20, 46, 119, 14
22, 69, 20, 47, 108, 5
22, 69, 20, 49, 113, 6
22, 69, 20, 47, 117, 14
22, 69, 20, 50, 114, 6
22, 69, 20, 51, 115, 14
22, 69, 20, 50, 105, 9
22, 69, 20, 52, 102, 22
22, 69, 20, 56, 102, 22
22, 69, 20, 57, 101, 22
22, 69, 20, 58, 97, 22
22, 69, 20, 62, 96, 16
22, 69, 20, 62, 99, 16
22, 69, 20, 64, 100, 16
22, 69, 20, 64, 98, 19
22, 69, 20, 67, 96, 16
22, 69, 20, 68, 90, 14
22, 69, 20, 68, 93, 14
22, 69, 20, 68, 97, 16
22, 69, 20, 69, 98, 19
22, 69, 20, 73, 88, 19
22, 69, 20, 73, 91, 20
22, 72, 5, 4, 53, 15
25, 48, 4, 2, 2, 1
23, 62, 20, 23, 46, 25
23, 70, 20, 4, 50, 15
23, 70, 20, 48, 105, 5
23, 70, 20, 46, 109, 5
23, 70, 20, 52, 116, 14
23, 70, 20, 53, 116, 10
23, 70, 20, 69, 98, 7
23, 70, 20, 73, 95, 20
23, 71, 17, 4, 53, 15
23, 73, 5, 4, 53, 15
24, 33, 5, 2, 2, 1
24, 33, 5, 38, 66, 6
24, 33, 5, 62, 7, 6
24, 36, 5, 2, 2, 1
26, 49, 4, 2, 2, 1
26, 49, 4, 37, 44, 4
24, 72, 17, 4, 53, 15
25, 32, 5, 2, 2, 1
25, 32, 5, 38, 67, 6
25, 33, 7, 2, 2, 1
25, 33, 7, 53, 51, 5
25, 33, 7, 57, 53, 5
25, 33, 7, 64, 58, 5
25, 33, 7, 71, 50, 6
25, 33, 7, 74, 50, 6
25, 33, 7, 72, 63, 6
25, 33, 7, 76, 51, 6
25, 33, 7, 76, 55, 6
25, 33, 7, 77, 52, 4
25, 33, 7, 78, 27, 16
25, 33, 7, 78, 44, 10
25, 36, 7, 2, 2, 1
25, 36, 7, 54, 45, 5
25, 36, 7, 76, 34, 5
25, 36, 7, 78, 54, 6
25, 36, 7, 77, 36, 5
25, 36, 7, 77, 42, 5
25, 36, 7, 78, 52, 4
25, 36, 7, 80, 33, 15
25, 37, 6, 2, 2, 1
25, 37, 6, 74, 23, 28
25, 37, 6, 79, 32, 16
27, 50, 4, 2, 2, 1
27, 50, 4, 78, 31, 16
25, 55, 14, 6, 49, 16
25, 58, 14, 8, 47, 16
27, 62, 20, 9, 45, 3
27, 70, 20, 4, 53, 15
27, 70, 20, 37, 67, 6
27, 70, 20, 45, 109, 5
27, 70, 20, 48, 116, 7
27, 70, 20, 68, 104, 19
27, 70, 20, 71, 104, 19
26, 31, 5, 2, 2, 1
26, 32, 7, 2, 2, 1
26, 32, 7, 74, 57, 6
26, 32, 7, 75, 56, 6
26, 32, 7, 73, 56, 6
26, 37, 7, 2, 2, 1
26, 37, 7, 59, 28, 5
26, 37, 7, 77, 24, 26
26, 37, 7, 79, 53, 4
26, 37, 7, 81, 34, 15
26, 38, 6, 2, 2, 1
28, 51, 4, 2, 2, 1
28, 51, 4, 67, 88, 14
26, 54, 14, 15, 52, 22
26, 59, 14, 9, 45, 3
28, 63, 20, 9, 45, 3
28, 67, 20, 22, 45, 25
28, 67, 17, 22, 45, 25
28, 72, 17, 6, 55, 15
27, 30, 5, 2, 2, 1
27, 31, 7, 2, 2, 1
27, 31, 7, 71, 65, 4
27, 31, 7, 78, 53, 4
27, 31, 7, 81, 44, 14
27, 38, 7, 2, 2, 1
27, 38, 7, 81, 46, 19
27, 39, 6, 2, 2, 1
27, 53, 14, 4, 53, 15
27, 60, 14, 9, 45, 3
29, 62, 9, 12, 49, 16
29, 68, 17, 22, 45, 25
29, 71, 17, 22, 45, 25
28, 29, 5, 2, 2, 1
28, 30, 7, 2, 2, 1
28, 30, 7, 42, 52, 15
28, 30, 7, 43, 53, 15
28, 30, 7, 44, 54, 15
28, 30, 7, 46, 58, 5
28, 30, 7, 47, 58, 5
28, 30, 7, 62, 59, 5
28, 38, 14, 2, 2, 1
28, 38, 14, 64, 57, 19
28, 38, 14, 66, 58, 19
28, 38, 14, 77, 23, 28
28, 38, 14, 77, 25, 25
28, 38, 14, 77, 26, 20
28, 38, 14, 78, 23, 26
28, 38, 14, 78, 24, 25
28, 38, 14, 78, 25, 24
28, 38, 14, 79, 24, 24
28, 38, 14, 80, 51, 14
28, 38, 14, 80, 55, 24
28, 38, 14, 81, 50, 14
28, 38, 14, 82, 45, 14
28, 38, 14, 83, 32, 16
28, 38, 14, 83, 38, 10
28, 38, 14, 81, 49, 19
28, 38, 14, 82, 44, 20
28, 38, 14, 82, 49, 20
28, 38, 14, 82, 50, 19
28, 42, 14, 2, 2, 1
28, 42, 14, 74, 20, 28
28, 42, 14, 77, 19, 26
28, 42, 14, 77, 20, 28
28, 42, 14, 79, 25, 10
28, 42, 14, 79, 59, 24
28, 42, 14, 80, 58, 24
28, 42, 14, 80, 61, 22
28, 42, 14, 79, 26, 16
28, 42, 14, 81, 56, 23
28, 47, 4, 2, 2, 1
28, 47, 4, 58, 88, 14
28, 50, 4, 2, 2, 1
30, 53, 14, 4, 53, 15
28, 61, 14, 9, 45, 3
30, 70, 5, 22, 45, 25
29, 28, 5, 2, 2, 1
29, 29, 7, 2, 2, 1
29, 29, 7, 50, 51, 5
29, 43, 14, 2, 2, 1
29, 43, 14, 78, 19, 25
29, 43, 14, 76, 29, 5
29, 43, 14, 77, 28, 5
29, 43, 14, 81, 60, 23
29, 43, 14, 80, 25, 5
29, 43, 14, 82, 26, 16
29, 43, 14, 84, 44, 10
29, 43, 14, 83, 50, 20
29, 43, 14, 83, 51, 19
29, 46, 4, 2, 2, 1
29, 51, 4, 6, 55, 15
31, 54, 14, 4, 53, 15
29, 62, 14, 9, 45, 3
31, 69, 5, 22, 45, 25
30, 27, 5, 2, 2, 1
30, 28, 7, 2, 2, 1
30, 44, 14, 2, 2, 1
30, 44, 14, 73, 20, 26
30, 44, 14, 76, 28, 4
30, 44, 14, 77, 18, 24
30, 44, 14, 81, 24, 5
30, 44, 14, 83, 27, 16
30, 44, 14, 84, 31, 16
30, 44, 14, 84, 37, 5
30, 44, 14, 82, 56, 4
30, 44, 14, 83, 57, 4
30, 44, 14, 84, 51, 20
30, 44, 14, 84, 52, 19
30, 45, 4, 2, 2, 1
30, 52, 4, 14, 41, 4
32, 55, 14, 5, 50, 16
30, 61, 24, 8, 46, 15
30, 65, 24, 10, 44, 4
32, 68, 5, 17, 53, 25
31, 26, 5, 2, 2, 1
31, 26, 5, 64, 21, 14
31, 26, 5, 68, 20, 14
31, 26, 5, 71, 20, 14
31, 26, 5, 74, 19, 26
31, 27, 7, 2, 2, 1
31, 27, 7, 73, 64, 6
31, 27, 7, 73, 64, 6
33, 38, 7, 7, 47, 15
31, 45, 14, 2, 2, 1
31, 45, 14, 61, 51, 3
31, 45, 14, 70, 13, 3
31, 45, 14, 81, 55, 4
31, 45, 14, 84, 28, 16
31, 45, 14, 85, 36, 5
31, 45, 14, 86, 44, 20
31, 45, 14, 85, 55, 19
31, 50, 9, 6, 55, 15
31, 53, 9, 5, 53, 16
33, 56, 14, 17, 41, 4
31, 60, 24, 7, 47, 15
31, 66, 24, 10, 44, 4
31, 77, 16, 4, 53, 15
31, 77, 16, 47, 56, 5
31, 77, 16, 48, 57, 5
31, 77, 16, 49, 56, 5
31, 77, 16, 50, 55, 5
31, 77, 16, 51, 54, 5
31, 77, 16, 79, 94, 20
31, 77, 16, 77, 100, 14
31, 77, 16, 81, 100, 14
31, 81, 16, 4, 53, 15
32, 25, 5, 2, 2, 1
32, 25, 5, 72, 21, 14
32, 25, 5, 78, 20, 26
32, 26, 7, 2, 2, 1
32, 26, 7, 71, 20, 9
32, 26, 7, 72, 65, 6
32, 26, 7, 80, 54, 4
34, 37, 7, 5, 49, 15
32, 46, 14, 2, 2, 1
32, 46, 14, 38, 44, 3
32, 46, 14, 44, 44, 3
32, 46, 14, 57, 20, 6
32, 46, 14, 58, 19, 6
32, 46, 14, 59, 18, 6
32, 46, 14, 68, 7, 3
32, 46, 14, 68, 11, 3
32, 46, 14, 69, 12, 3
32, 46, 14, 73, 19, 25
32, 46, 14, 82, 23, 5
32, 46, 14, 86, 34, 15
32, 46, 14, 87, 51, 20
32, 46, 14, 87, 52, 19
32, 46, 14, 86, 54, 19
32, 46, 14, 87, 53, 19
32, 49, 20, 10, 44, 4
32, 50, 21, 6, 55, 15
32, 54, 21, 4, 50, 15
32, 54, 21, 59, 61, 6
32, 54, 21, 60, 65, 6
32, 54, 21, 72, 75, 7
32, 54, 21, 75, 77, 6
32, 54, 21, 79, 72, 16
34, 57, 14, 6, 49, 16
32, 59, 24, 6, 49, 16
32, 67, 24, 10, 44, 4
32, 76, 16, 22, 45, 25
32, 82, 16, 4, 53, 15
32, 82, 16, 73, 90, 4
33, 24, 5, 2, 2, 1
33, 24, 5, 55, 23, 5
33, 24, 5, 62, 11, 6
33, 25, 7, 2, 2, 1
35, 36, 7, 5, 49, 15
35, 38, 14, 2, 2, 1
35, 38, 14, 37, 43, 3
35, 38, 14, 40, 49, 5
35, 38, 14, 52, 52, 3
35, 38, 14, 75, 67, 19
35, 38, 14, 76, 66, 19
35, 38, 14, 79, 9, 3
35, 38, 14, 77, 65, 19
35, 38, 14, 77, 67, 20
35, 38, 14, 78, 66, 20
35, 38, 14, 82, 57, 6
35, 38, 14, 84, 58, 3
35, 38, 14, 86, 27, 17
35, 38, 14, 88, 50, 20
35, 38, 14, 88, 51, 19
35, 38, 14, 87, 22, 27
35, 38, 14, 87, 24, 26
35, 38, 14, 87, 28, 17
35, 38, 14, 89, 45, 20
35, 38, 14, 88, 25, 26
35, 46, 14, 8, 46, 15
33, 48, 20, 10, 44, 4
35, 50, 21, 6, 55, 15
33, 55, 16, 5, 50, 16
33, 68, 24, 10, 44, 4
33, 75, 16, 21, 44, 4
33, 83, 16, 4, 53, 15
33, 83, 16, 44, 108, 5
33, 83, 16, 47, 115, 7
33, 87, 14, 4, 50, 15
33, 87, 14, 39, 81, 14
33, 87, 14, 40, 82, 14
33, 87, 14, 46, 93, 5
33, 87, 14, 47, 103, 5
33, 87, 14, 49, 106, 4
33, 87, 14, 50, 107, 4
33, 87, 14, 51, 108, 5
33, 87, 14, 50, 96, 9
33, 87, 14, 52, 109, 5
33, 87, 14, 53, 110, 5
33, 87, 14, 55, 111, 5
33, 87, 14, 56, 117, 10
33, 87, 14, 57, 73, 15
33, 87, 14, 57, 105, 16
33, 87, 14, 59, 112, 5
33, 87, 14, 62, 80, 13
33, 87, 14, 63, 79, 13
33, 87, 14, 63, 117, 7
33, 87, 14, 63, 125, 7
33, 87, 14, 64, 78, 13
33, 87, 14, 67, 117, 7
33, 87, 14, 67, 125, 7
33, 87, 14, 71, 99, 19
33, 87, 14, 74, 117, 10
33, 87, 14, 78, 88, 19
33, 87, 14, 76, 90, 20
33, 87, 14, 78, 95, 20
33, 87, 14, 79, 90, 20
33, 87, 14, 85, 72, 16
33, 87, 14, 86, 73, 16
33, 87, 14, 87, 74, 16
33, 93, 11, 4, 50, 15
33, 93, 11, 57, 72, 11
33, 93, 11, 76, 95, 13
33, 93, 11, 77, 95, 14
33, 93, 11, 77, 116, 10
33, 93, 11, 78, 116, 14
33, 93, 11, 81, 71, 11
33, 93, 11, 81, 95, 14
33, 93, 11, 79, 115, 14
33, 93, 11, 82, 70, 11
33, 93, 11, 80, 114, 6
33, 93, 11, 82, 115, 14
33, 93, 11, 83, 117, 14
33, 93, 11, 82, 116, 7
33, 93, 11, 83, 115, 7
33, 95, 17, 4, 50, 15
33, 95, 17, 38, 53, 15
33, 95, 17, 40, 112, 14
33, 95, 17, 41, 96, 7
33, 95, 17, 41, 112, 14
33, 95, 17, 46, 83, 5
33, 95, 17, 46, 98, 5
33, 95, 17, 46, 112, 14
33, 95, 17, 46, 123, 14
33, 95, 17, 47, 124, 14
33, 95, 17, 48, 88, 6
33, 95, 17, 48, 115, 14
33, 95, 17, 48, 125, 14
33, 95, 17, 52, 125, 14
33, 95, 17, 64, 105, 16
33, 95, 17, 67, 79, 6
33, 95, 17, 68, 80, 6
33, 95, 17, 72, 80, 6
33, 95, 17, 73, 74, 7
33, 95, 17, 73, 79, 6
33, 95, 17, 74, 73, 7
33, 95, 17, 74, 73, 6
33, 95, 17, 74, 78, 6
33, 95, 17, 75, 74, 6
33, 95, 17, 78, 125, 14
33, 101, 17, 5, 53, 16
33, 101, 17, 80, 107, 4
33, 101, 17, 83, 108, 5
33, 101, 17, 81, 113, 6
33, 101, 17, 82, 108, 5
33, 101, 17, 84, 109, 5
33, 101, 17, 85, 109, 5
33, 101, 17, 86, 108, 5
33, 101, 17, 87, 111, 7
33, 101, 17, 88, 108, 12
33, 102, 12, 5, 54, 15
33, 102, 12, 69, 105, 7
33, 102, 12, 88, 110, 7
33, 106, 14, 8, 58, 6
33, 110, 14, 10, 60, 6
33, 110, 14, 43, 120, 7
33, 110, 14, 44, 121, 7
34, 23, 5, 2, 2, 1
34, 23, 5, 54, 24, 4
34, 23, 5, 54, 24, 5
34, 23, 5, 61, 12, 6
34, 24, 7, 2, 2, 1
36, 35, 7, 5, 49, 15
36, 35, 7, 91, 34, 7
36, 37, 3, 7, 47, 15
36, 41, 14, 2, 2, 1
36, 41, 14, 51, 26, 5
36, 41, 14, 57, 21, 5
36, 41, 14, 60, 17, 4
36, 41, 14, 58, 20, 5
36, 41, 14, 61, 19, 4
36, 41, 14, 69, 60, 4
36, 41, 14, 70, 61, 4
36, 41, 14, 73, 7, 3
36, 41, 14, 75, 66, 10
36, 41, 14, 76, 65, 10
36, 41, 14, 78, 64, 11
36, 41, 14, 81, 65, 19
36, 41, 14, 82, 66, 20
36, 41, 14, 82, 69, 20
36, 41, 14, 84, 24, 17
36, 41, 14, 87, 21, 17
36, 41, 14, 85, 26, 17
36, 41, 14, 85, 68, 16
36, 41, 14, 88, 33, 5
36, 41, 14, 90, 33, 7
36, 45, 14, 7, 47, 15
34, 47, 19, 9, 45, 3
36, 51, 21, 11, 43, 4
36, 54, 21, 4, 53, 15
36, 54, 21, 59, 97, 9
36, 54, 21, 60, 98, 9
36, 54, 21, 63, 101, 16
36, 54, 21, 80, 23, 9
36, 54, 21, 85, 29, 15
36, 55, 16, 5, 50, 16
34, 56, 4, 14, 41, 4
36, 59, 24, 5, 49, 15
36, 59, 24, 53, 61, 5
36, 59, 24, 53, 61, 6
36, 59, 24, 86, 66, 6
36, 68, 24, 15, 52, 22
34, 74, 18, 22, 45, 25
34, 78, 18, 4, 53, 15
34, 78, 18, 41, 102, 12
34, 78, 18, 42, 105, 12
34, 78, 18, 80, 103, 13
34, 78, 18, 89, 70, 18
34, 88, 14, 4, 50, 15
34, 88, 14, 56, 125, 10
34, 88, 14, 72, 88, 4
34, 88, 14, 74, 125, 10
34, 88, 14, 82, 88, 3
34, 88, 14, 89, 83, 7
34, 88, 14, 89, 89, 7
34, 111, 14, 13, 61, 22
35, 23, 6, 2, 2, 1
37, 34, 7, 5, 49, 15
37, 36, 3, 5, 49, 15
37, 43, 3, 35, 38, 14
37, 44, 4, 26, 49, 4
35, 46, 19, 8, 46, 15
37, 48, 20, 9, 45, 3
37, 55, 10, 15, 52, 22
35, 57, 4, 14, 41, 4
37, 60, 6, 17, 41, 4
37, 61, 24, 6, 49, 16
37, 66, 24, 15, 52, 22
37, 67, 6, 27, 70, 20
35, 73, 18, 10, 44, 4
35, 89, 14, 4, 50, 15
35, 89, 14, 84, 83, 5
35, 89, 14, 89, 78, 18
35, 89, 14, 90, 82, 14
35, 89, 14, 90, 87, 14
35, 112, 14, 22, 69, 20
38, 23, 6, 2, 2, 1
38, 23, 6, 61, 60, 5
38, 24, 7, 2, 2, 1
38, 33, 7, 4, 50, 15
38, 35, 3, 12, 46, 16
38, 44, 3, 32, 46, 14
38, 45, 4, 7, 47, 15
38, 46, 19, 8, 46, 15
38, 49, 20, 10, 44, 4
38, 54, 20, 4, 53, 15
38, 54, 20, 54, 60, 5
38, 54, 20, 64, 103, 19
38, 54, 20, 91, 51, 10
38, 54, 20, 92, 52, 10
36, 58, 4, 14, 41, 4
38, 61, 6, 17, 41, 4
38, 66, 6, 24, 33, 5
36, 72, 18, 10, 44, 4
38, 83, 16, 4, 53, 15
38, 83, 16, 41, 83, 7
38, 83, 16, 41, 89, 7
38, 83, 16, 42, 108, 12
38, 83, 16, 42, 110, 6
38, 83, 16, 43, 111, 6
38, 83, 16, 89, 101, 17
38, 83, 16, 92, 70, 18
38, 83, 16, 91, 81, 14
38, 83, 16, 91, 88, 14
38, 83, 16, 92, 83, 16
38, 83, 16, 92, 89, 14
38, 89, 14, 4, 53, 15
36, 113, 14, 22, 69, 20
39, 24, 6, 2, 2, 1
39, 25, 7, 2, 2, 1
39, 25, 7, 74, 68, 7
39, 25, 7, 78, 18, 22
39, 32, 7, 4, 50, 15
39, 46, 18, 8, 46, 15
39, 47, 19, 8, 46, 15
39, 53, 19, 19, 45, 25
37, 54, 15, 15, 52, 22
37, 59, 15, 5, 50, 16
37, 68, 21, 41, 25, 21
37, 72, 21, 10, 44, 4
39, 81, 14, 33, 87, 14
39, 88, 14, 4, 53, 15
39, 93, 11, 4, 53, 15
39, 93, 11, 82, 125, 14
39, 93, 11, 83, 124, 14
39, 93, 11, 84, 119, 14
39, 93, 11, 84, 123, 14
39, 93, 11, 84, 69, 4
39, 93, 11, 86, 67, 6
39, 93, 11, 89, 96, 7
39, 93, 11, 90, 96, 17
39, 95, 17, 4, 53, 15
39, 95, 17, 65, 77, 4
39, 95, 17, 65, 77, 4
39, 95, 17, 71, 112, 5
39, 95, 17, 84, 118, 14
39, 95, 17, 85, 119, 14
39, 95, 17, 88, 119, 14
39, 95, 17, 89, 118, 14
39, 113, 14, 22, 69, 20
37, 114, 6, 53, 93, 22
40, 25, 6, 2, 2, 1
40, 25, 6, 71, 19, 5
40, 25, 6, 76, 18, 8
40, 26, 7, 2, 2, 1
40, 26, 7, 75, 69, 7
40, 31, 7, 4, 50, 15
40, 34, 3, 7, 48, 16
40, 47, 18, 8, 46, 15
40, 48, 19, 12, 42, 4
40, 52, 19, 19, 45, 25
38, 53, 15, 33, 95, 17
38, 60, 6, 17, 41, 4
38, 67, 6, 25, 32, 5
38, 73, 21, 10, 44, 4
40, 82, 14, 33, 87, 14
40, 87, 14, 13, 61, 22
40, 96, 17, 5, 53, 16
40, 96, 17, 85, 67, 6
40, 96, 17, 90, 117, 14
40, 106, 14, 51, 65, 26
40, 112, 14, 33, 95, 17
38, 115, 6, 53, 93, 22
41, 26, 6, 2, 2, 1
41, 30, 6, 4, 50, 15
41, 45, 3, 7, 47, 15
41, 48, 4, 17, 41, 4
39, 52, 15, 46, 32, 16
39, 74, 21, 10, 44, 4
41, 78, 18, 12, 46, 16
41, 83, 7, 38, 83, 16
41, 89, 7, 38, 83, 16
41, 96, 7, 33, 95, 17
41, 98, 17, 6, 55, 15
41, 98, 17, 89, 112, 14
41, 98, 17, 91, 113, 14
41, 98, 17, 91, 116, 14
41, 98, 17, 90, 112, 14
41, 98, 17, 91, 113, 14
41, 98, 17, 94, 113, 14
41, 101, 17, 12, 57, 22
41, 102, 12, 34, 78, 18
41, 109, 6, 51, 65, 26
39, 113, 14, 22, 69, 20
39, 116, 14, 22, 69, 20
40, 33, 5, 5, 49, 15
40, 49, 5, 35, 38, 14
42, 52, 15, 28, 30, 7
42, 105, 12, 34, 78, 18
42, 108, 12, 38, 83, 16
42, 110, 6, 38, 83, 16
40, 117, 14, 22, 69, 20
41, 25, 21, 2, 2, 1
41, 25, 21, 37, 68, 21
41, 25, 21, 43, 74, 21
41, 25, 21, 44, 73, 21
41, 25, 21, 69, 19, 3
41, 25, 21, 74, 18, 24
41, 25, 21, 85, 59, 19
41, 25, 21, 89, 49, 20
41, 25, 21, 94, 41, 14
41, 25, 21, 95, 38, 14
41, 26, 22, 2, 2, 1
41, 26, 22, 58, 72, 15
41, 26, 22, 59, 72, 16
41, 26, 22, 73, 17, 5
41, 26, 22, 73, 18, 23
41, 26, 22, 74, 16, 5
41, 26, 22, 74, 17, 8
41, 26, 22, 77, 17, 8
41, 26, 22, 83, 58, 6
41, 26, 22, 84, 41, 10
41, 26, 22, 86, 13, 8
41, 26, 22, 88, 23, 27
41, 26, 22, 89, 24, 27
41, 26, 22, 89, 26, 26
41, 26, 22, 91, 28, 17
41, 26, 22, 90, 25, 27
41, 26, 22, 92, 28, 16
41, 26, 22, 90, 46, 10
41, 26, 22, 91, 26, 27
41, 26, 22, 94, 26, 27
41, 26, 22, 93, 36, 5
41, 29, 22, 2, 2, 1
41, 29, 22, 62, 79, 16
41, 29, 22, 63, 78, 16
41, 29, 22, 71, 74, 14
41, 29, 22, 70, 65, 3
41, 29, 22, 72, 73, 14
41, 29, 22, 73, 72, 14
41, 29, 22, 75, 71, 19
41, 29, 22, 76, 14, 8
41, 29, 22, 76, 72, 16
41, 29, 22, 77, 13, 8
41, 29, 22, 79, 54, 3
41, 29, 22, 77, 71, 20
41, 29, 22, 78, 12, 8
41, 29, 22, 79, 11, 8
41, 29, 22, 81, 64, 11
41, 29, 22, 82, 65, 17
41, 29, 22, 83, 11, 8
41, 29, 22, 84, 12, 8
41, 29, 22, 84, 59, 6
41, 29, 22, 91, 53, 19
41, 29, 22, 92, 35, 5
41, 29, 22, 94, 45, 14
41, 45, 3, 7, 47, 15
41, 48, 5, 12, 42, 4
43, 53, 15, 28, 30, 7
43, 74, 21, 41, 25, 21
43, 111, 6, 38, 83, 16
41, 112, 14, 33, 95, 17
41, 118, 14, 22, 69, 20
42, 24, 21, 2, 2, 1
42, 24, 21, 87, 19, 27
42, 24, 21, 94, 37, 5
42, 24, 21, 97, 33, 23
42, 24, 21, 97, 34, 22
44, 26, 22, 2, 2, 1
44, 26, 22, 65, 69, 3
44, 26, 22, 65, 69, 4
44, 26, 22, 67, 74, 6
44, 26, 22, 70, 17, 3
44, 26, 22, 73, 58, 6
44, 26, 22, 72, 18, 5
44, 26, 22, 72, 57, 6
44, 26, 22, 75, 15, 5
44, 26, 22, 85, 60, 6
44, 26, 22, 93, 46, 10
44, 26, 22, 94, 47, 10
44, 26, 22, 93, 43, 2
44, 26, 22, 93, 45, 7
44, 26, 22, 95, 37, 6
44, 26, 22, 95, 46, 14
44, 26, 22, 96, 38, 6
44, 26, 22, 97, 30, 23
44, 26, 22, 98, 29, 23
44, 26, 22, 98, 34, 23
44, 26, 22, 98, 35, 22
44, 26, 22, 99, 35, 23
44, 26, 22, 99, 36, 22
44, 29, 22, 2, 2, 1
44, 29, 22, 69, 75, 7
44, 29, 22, 75, 72, 7
44, 29, 22, 77, 8, 3
44, 29, 22, 80, 71, 20
44, 29, 22, 81, 10, 3
44, 29, 22, 81, 70, 20
44, 29, 22, 86, 61, 6
44, 29, 22, 86, 60, 6
44, 29, 22, 93, 20, 27
44, 29, 22, 93, 54, 19
44, 29, 22, 95, 48, 10
42, 30, 21, 2, 2, 1
42, 30, 21, 94, 21, 27
42, 34, 3, 5, 49, 15
42, 47, 5, 8, 46, 15
44, 54, 15, 28, 30, 7
44, 60, 6, 16, 52, 25
44, 67, 6, 17, 41, 4
44, 73, 21, 41, 25, 21
44, 108, 5, 33, 83, 16
42, 119, 14, 22, 69, 20
43, 23, 3, 2, 2, 1
45, 24, 21, 2, 2, 1
43, 31, 21, 2, 2, 1
43, 31, 21, 76, 73, 6
43, 31, 21, 88, 34, 3
43, 31, 21, 90, 34, 3
45, 33, 5, 7, 47, 15
45, 55, 15, 15, 52, 22
45, 59, 15, 5, 50, 16
45, 59, 15, 98, 68, 4
45, 59, 15, 99, 69, 9
45, 68, 21, 17, 41, 4
45, 72, 21, 22, 45, 25
45, 109, 5, 27, 70, 20
45, 119, 14, 22, 69, 20
43, 120, 7, 33, 110, 14
44, 13, 3, 2, 2, 1
44, 13, 3, 53, 16, 28
44, 13, 3, 54, 17, 28
44, 13, 3, 55, 18, 28
44, 13, 3, 79, 19, 22
44, 13, 3, 92, 19, 27
44, 18, 3, 2, 2, 1
44, 22, 3, 2, 2, 1
44, 23, 18, 2, 2, 1
46, 25, 21, 2, 2, 1
46, 25, 21, 66, 75, 6
46, 25, 21, 100, 36, 23
46, 25, 21, 100, 37, 22
46, 31, 21, 4, 50, 15
46, 31, 21, 84, 68, 6
44, 35, 3, 8, 46, 15
44, 44, 3, 32, 46, 14
46, 47, 5, 8, 46, 15
44, 50, 16, 22, 45, 25
44, 55, 16, 15, 52, 22
46, 58, 5, 28, 30, 7
44, 61, 6, 16, 52, 25
44, 66, 6, 17, 41, 4
46, 69, 4, 17, 41, 4
46, 83, 5, 33, 95, 17
46, 93, 5, 33, 87, 14
46, 98, 5, 33, 95, 17
46, 112, 14, 33, 95, 17
46, 118, 14, 22, 69, 20
44, 121, 7, 33, 110, 14
45, 19, 3, 2, 2, 1
47, 22, 3, 2, 2, 1
45, 23, 20, 2, 2, 1
47, 26, 21, 2, 2, 1
47, 26, 21, 96, 49, 10
47, 26, 21, 98, 46, 14
47, 26, 21, 99, 45, 14
47, 26, 21, 101, 29, 23
47, 26, 21, 102, 29, 22
47, 26, 21, 102, 30, 23
47, 26, 21, 101, 37, 23
47, 30, 21, 4, 50, 15
47, 31, 20, 4, 50, 15
47, 31, 20, 102, 38, 14
45, 33, 5, 7, 47, 15
45, 36, 5, 11, 43, 4
45, 43, 5, 22, 45, 25
45, 46, 5, 8, 46, 15
47, 48, 5, 10, 44, 4
47, 56, 5, 31, 77, 16
45, 60, 13, 5, 50, 16
45, 67, 13, 17, 41, 4
47, 103, 5, 33, 87, 14
47, 115, 7, 33, 83, 16
45, 122, 7, 53, 93, 22
46, 12, 4, 2, 2, 1
46, 12, 4, 79, 20, 24
46, 15, 4, 2, 2, 1
46, 20, 3, 2, 2, 1
48, 23, 20, 2, 2, 1
48, 23, 20, 64, 74, 16
48, 23, 20, 92, 44, 2
48, 30, 20, 4, 50, 15
48, 30, 20, 101, 38, 6
48, 30, 20, 102, 42, 14
48, 30, 20, 103, 30, 22
46, 32, 16, 2, 2, 1
46, 32, 16, 39, 52, 15
46, 32, 16, 54, 51, 3
46, 32, 16, 93, 59, 19
46, 32, 16, 100, 44, 14
46, 35, 16, 5, 50, 16
46, 37, 5, 12, 42, 4
46, 41, 5, 19, 45, 25
46, 44, 16, 7, 47, 15
46, 44, 16, 85, 20, 3
46, 44, 16, 93, 53, 10
46, 44, 16, 95, 55, 9
46, 44, 16, 94, 54, 10
46, 44, 16, 97, 32, 7
46, 44, 16, 97, 54, 10
46, 44, 16, 96, 32, 6
46, 44, 16, 98, 54, 9
46, 44, 16, 98, 55, 14
46, 44, 16, 99, 54, 14
46, 47, 16, 8, 46, 15
46, 49, 16, 12, 42, 4
48, 55, 16, 15, 52, 22
46, 59, 13, 15, 52, 22
46, 68, 13, 17, 41, 4
48, 105, 5, 23, 70, 20
48, 108, 5, 22, 69, 20
46, 109, 5, 23, 70, 20
48, 116, 7, 27, 70, 20
46, 119, 14, 22, 69, 20
46, 123, 14, 33, 95, 17
47, 11, 4, 2, 2, 1
47, 11, 4, 84, 21, 17
47, 16, 28, 2, 2, 1
47, 16, 28, 60, 13, 6
47, 16, 28, 85, 19, 8
47, 16, 28, 86, 18, 8
47, 21, 28, 2, 2, 1
47, 21, 28, 54, 62, 9
47, 21, 28, 60, 61, 5
47, 22, 7, 2, 2, 1
49, 24, 20, 2, 2, 1
49, 24, 20, 63, 73, 16
49, 24, 20, 64, 77, 16
49, 24, 20, 97, 50, 10
49, 24, 20, 98, 46, 9
49, 24, 20, 101, 43, 14
49, 29, 20, 4, 50, 15
47, 31, 16, 5, 49, 15
47, 43, 16, 7, 47, 15
47, 48, 16, 9, 45, 3
47, 58, 5, 28, 30, 7
49, 59, 13, 15, 52, 22
49, 68, 13, 19, 45, 25
47, 69, 9, 17, 41, 4
49, 106, 4, 33, 87, 14
47, 108, 5, 22, 69, 20
49, 113, 6, 22, 69, 20
47, 117, 14, 22, 69, 20
47, 124, 14, 33, 95, 17
48, 12, 6, 2, 2, 1
48, 16, 6, 2, 2, 1
48, 22, 28, 4, 50, 15
48, 23, 7, 2, 2, 1
50, 25, 20, 16, 47, 25
50, 28, 20, 5, 50, 16
48, 30, 16, 5, 49, 15
48, 49, 16, 11, 43, 4
50, 49, 16, 11, 43, 4
50, 54, 16, 19, 45, 25
48, 57, 5, 31, 77, 16
50, 60, 13, 15, 52, 22
50, 67, 13, 7, 48, 16
48, 70, 3, 17, 41, 4
48, 88, 6, 33, 95, 17
48, 90, 17, 16, 47, 25
48, 94, 17, 12, 57, 22
50, 107, 4, 33, 87, 14
50, 114, 6, 22, 69, 20
48, 115, 14, 33, 95, 17
48, 125, 14, 33, 95, 17
49, 10, 4, 2, 2, 1
49, 11, 6, 2, 2, 1
49, 11, 6, 84, 20, 8
49, 23, 28, 4, 50, 15
49, 23, 28, 86, 30, 15
49, 23, 28, 103, 31, 23
51, 26, 5, 36, 41, 14
49, 29, 16, 5, 53, 16
51, 35, 16, 5, 50, 16
51, 43, 16, 7, 47, 15
51, 43, 16, 86, 19, 3
51, 43, 16, 87, 18, 3
49, 56, 5, 31, 77, 16
51, 61, 13, 5, 50, 16
51, 66, 13, 6, 49, 16
49, 89, 17, 16, 47, 25
51, 108, 5, 33, 87, 14
51, 115, 14, 22, 69, 20
50, 10, 6, 2, 2, 1
50, 10, 6, 80, 20, 9
50, 10, 6, 83, 21, 8
50, 24, 2, 2, 2, 1
52, 27, 5, 12, 49, 16
52, 29, 16, 5, 49, 15
52, 29, 16, 92, 66, 6
52, 29, 16, 93, 66, 17
52, 29, 16, 93, 67, 13
52, 29, 16, 103, 39, 5
52, 29, 16, 101, 52, 14
52, 29, 16, 104, 38, 5
52, 29, 16, 102, 51, 14
52, 29, 16, 105, 37, 23
52, 34, 16, 5, 50, 16
52, 44, 16, 7, 47, 15
50, 51, 5, 29, 29, 7
52, 52, 3, 35, 38, 14
50, 55, 5, 31, 77, 16
52, 62, 13, 5, 50, 16
52, 65, 13, 6, 49, 16
50, 66, 26, 6, 49, 16
50, 72, 26, 17, 41, 4
50, 72, 26, 77, 75, 3
50, 88, 17, 16, 47, 25
50, 96, 9, 33, 87, 14
50, 105, 9, 22, 69, 20
52, 109, 5, 33, 87, 14
52, 116, 14, 23, 70, 20
52, 125, 14, 33, 95, 17
51, 9, 6, 2, 2, 1
53, 16, 28, 44, 13, 3
51, 24, 3, 2, 2, 1
51, 25, 2, 2, 2, 1
53, 28, 5, 5, 49, 15
53, 28, 5, 92, 67, 6
53, 30, 16, 5, 49, 15
53, 30, 16, 93, 68, 16
53, 30, 16, 94, 68, 17
53, 33, 16, 5, 50, 16
53, 36, 5, 16, 47, 25
53, 42, 5, 16, 47, 25
53, 45, 16, 7, 47, 15
53, 45, 16, 105, 64, 22
53, 49, 16, 10, 44, 4
53, 51, 5, 25, 33, 7
51, 54, 5, 31, 77, 16
53, 61, 5, 36, 59, 24
53, 61, 9, 16, 52, 25
51, 65, 26, 5, 49, 15
51, 65, 26, 40, 106, 14
51, 65, 26, 41, 109, 6
51, 65, 26, 89, 32, 5
51, 65, 26, 88, 31, 7
51, 65, 26, 89, 32, 7
51, 65, 26, 92, 60, 6
51, 65, 26, 93, 71, 18
51, 65, 26, 94, 58, 4
51, 65, 26, 92, 61, 6
51, 65, 26, 94, 72, 18
51, 65, 26, 93, 60, 6
51, 65, 26, 93, 61, 17
51, 65, 26, 95, 73, 18
51, 65, 26, 95, 89, 14
51, 65, 26, 94, 59, 17
51, 65, 26, 96, 74, 18
51, 65, 26, 96, 78, 18
51, 65, 26, 96, 88, 14
51, 65, 26, 95, 58, 4
51, 65, 26, 97, 68, 17
51, 65, 26, 97, 83, 16
51, 65, 26, 97, 87, 14
51, 65, 26, 97, 95, 17
51, 65, 26, 98, 59, 17
51, 65, 26, 98, 67, 17
51, 65, 26, 98, 82, 16
51, 65, 26, 99, 60, 17
51, 65, 26, 99, 66, 17
51, 65, 26, 99, 81, 16
51, 65, 26, 98, 58, 14
51, 65, 26, 100, 61, 17
51, 65, 26, 99, 62, 22
51, 65, 26, 99, 66, 22
51, 65, 26, 100, 59, 14
51, 65, 26, 100, 68, 22
51, 65, 26, 101, 69, 22
51, 65, 26, 104, 59, 14
51, 65, 26, 104, 62, 22
51, 65, 26, 102, 70, 22
51, 65, 26, 105, 58, 14
51, 65, 26, 106, 70, 22
53, 110, 5, 33, 87, 14
53, 116, 10, 23, 70, 20
54, 17, 28, 44, 13, 3
54, 23, 28, 6, 49, 16
54, 23, 28, 104, 31, 22
54, 23, 28, 105, 32, 22
52, 25, 3, 2, 2, 1
52, 25, 3, 62, 72, 16
52, 25, 3, 66, 78, 6
52, 26, 2, 2, 2, 1
54, 29, 5, 8, 46, 15
54, 34, 5, 16, 47, 25
54, 45, 5, 25, 36, 7
54, 50, 5, 14, 41, 4
52, 53, 21, 15, 52, 22
52, 57, 21, 15, 52, 22
54, 60, 5, 38, 54, 20
54, 62, 9, 47, 21, 28
52, 74, 3, 17, 41, 4
52, 96, 22, 12, 57, 22
52, 102, 22, 22, 69, 20
53, 8, 6, 2, 2, 1
55, 18, 28, 44, 13, 3
55, 22, 28, 7, 47, 15
53, 26, 3, 23, 46, 25
53, 52, 21, 15, 52, 22
53, 52, 21, 85, 43, 5
53, 58, 21, 5, 50, 16
53, 58, 21, 100, 70, 9
53, 58, 21, 101, 71, 9
53, 58, 21, 102, 72, 9
53, 58, 21, 107, 51, 14
53, 61, 6, 36, 59, 24
55, 65, 26, 5, 49, 15
55, 65, 26, 76, 103, 13
55, 65, 26, 78, 105, 7
55, 65, 26, 77, 110, 5
55, 65, 26, 80, 91, 4
55, 65, 26, 78, 109, 5
55, 65, 26, 79, 108, 5
55, 65, 26, 84, 93, 5
55, 65, 26, 89, 98, 17
55, 65, 26, 90, 50, 10
55, 65, 26, 91, 93, 11
55, 65, 26, 91, 95, 17
55, 65, 26, 95, 34, 7
55, 65, 26, 96, 33, 7
55, 65, 26, 97, 93, 11
55, 65, 26, 106, 57, 14
55, 65, 26, 107, 56, 14
55, 65, 26, 108, 55, 14
55, 65, 26, 108, 57, 16
55, 65, 26, 108, 61, 16
55, 65, 26, 109, 62, 16
55, 65, 26, 110, 61, 19
53, 75, 7, 17, 41, 4
55, 88, 17, 15, 52, 22
55, 88, 17, 76, 76, 3
55, 88, 17, 80, 72, 2
55, 88, 17, 92, 115, 7
55, 88, 17, 93, 114, 7
55, 88, 17, 96, 111, 14
55, 88, 17, 97, 106, 14
55, 88, 17, 97, 110, 14
55, 88, 17, 99, 77, 16
53, 93, 22, 15, 52, 22
53, 93, 22, 37, 114, 6
53, 93, 22, 38, 115, 6
53, 93, 22, 45, 122, 7
53, 93, 22, 97, 102, 12
55, 111, 5, 33, 87, 14
54, 24, 4, 34, 23, 5
54, 24, 5, 34, 23, 5
54, 28, 5, 5, 49, 15
54, 28, 5, 100, 53, 14
54, 51, 3, 46, 32, 16
56, 52, 21, 14, 41, 4
56, 52, 21, 78, 74, 3
56, 52, 21, 79, 73, 3
54, 59, 21, 5, 50, 16
54, 59, 21, 108, 63, 16
54, 60, 6, 12, 60, 22
56, 66, 26, 5, 49, 15
56, 66, 26, 84, 112, 14
56, 66, 26, 95, 33, 6
56, 66, 26, 97, 101, 17
56, 66, 26, 99, 45, 7
56, 66, 26, 110, 58, 19
56, 66, 26, 111, 62, 19
56, 93, 22, 12, 60, 22
56, 102, 22, 22, 69, 20
56, 117, 10, 33, 87, 14
56, 125, 10, 34, 88, 14
57, 20, 6, 32, 46, 14
55, 23, 5, 33, 24, 5
57, 53, 21, 17, 41, 4
57, 53, 21, 103, 73, 9
55, 60, 20, 5, 50, 16
55, 60, 20, 89, 102, 12
55, 60, 20, 108, 72, 9
57, 67, 26, 6, 49, 16
57, 67, 26, 96, 57, 4
57, 67, 26, 111, 57, 19
57, 72, 26, 15, 52, 22
57, 101, 22, 22, 69, 20
58, 19, 6, 32, 46, 14
56, 22, 24, 7, 47, 15
56, 27, 24, 6, 49, 16
56, 50, 3, 22, 45, 25
58, 54, 21, 19, 45, 25
58, 60, 6, 12, 60, 22
58, 94, 22, 13, 61, 22
58, 97, 22, 22, 69, 20
57, 7, 6, 2, 2, 1
57, 7, 6, 83, 22, 5
59, 18, 6, 32, 46, 14
57, 21, 5, 36, 41, 14
59, 28, 5, 26, 37, 7
59, 50, 3, 19, 45, 25
57, 53, 5, 25, 33, 7
59, 55, 21, 17, 46, 25
59, 59, 21, 15, 52, 22
59, 60, 20, 5, 50, 16
59, 60, 20, 57, 100, 16
59, 60, 20, 75, 111, 5
59, 60, 20, 82, 95, 4
59, 60, 20, 84, 98, 5
59, 60, 20, 88, 105, 12
59, 60, 20, 90, 106, 14
59, 60, 20, 95, 23, 5
59, 60, 20, 97, 24, 7
59, 60, 20, 98, 25, 7
59, 60, 20, 99, 26, 7
59, 60, 20, 104, 32, 23
59, 60, 20, 105, 33, 23
59, 60, 20, 107, 73, 9
59, 60, 20, 109, 71, 9
59, 60, 20, 110, 43, 19
59, 60, 20, 110, 48, 19
59, 60, 20, 112, 46, 20
59, 60, 20, 114, 62, 16
59, 61, 6, 32, 54, 21
57, 67, 11, 15, 52, 22
57, 72, 11, 33, 93, 11
57, 73, 15, 33, 87, 14
57, 78, 15, 17, 41, 4
57, 79, 13, 17, 41, 4
57, 79, 13, 95, 112, 14
59, 97, 9, 36, 54, 21
57, 100, 16, 59, 60, 20
57, 105, 16, 33, 87, 14
59, 112, 5, 33, 87, 14
60, 13, 6, 47, 16, 28
60, 17, 4, 36, 41, 14
58, 20, 5, 36, 41, 14
58, 21, 24, 9, 46, 16
58, 21, 24, 88, 28, 7
58, 52, 5, 17, 41, 4
60, 61, 5, 47, 21, 28
60, 65, 6, 32, 54, 21
58, 72, 15, 41, 26, 22
58, 79, 15, 19, 42, 4
58, 80, 13, 19, 42, 4
58, 88, 14, 28, 47, 4
58, 93, 14, 20, 53, 22
60, 98, 9, 36, 54, 21
61, 12, 6, 34, 23, 5
61, 19, 4, 36, 41, 14
61, 51, 3, 31, 45, 14
61, 60, 5, 38, 23, 6
61, 67, 11, 15, 52, 22
59, 72, 16, 41, 26, 22
59, 79, 16, 19, 42, 4
59, 79, 16, 87, 120, 7
62, 7, 6, 24, 33, 5
62, 11, 6, 33, 24, 5
62, 20, 5, 23, 46, 25
62, 59, 5, 28, 30, 7
62, 68, 11, 15, 52, 22
62, 72, 16, 52, 25, 3
62, 79, 16, 41, 29, 22
62, 80, 13, 33, 87, 14
63, 27, 24, 12, 46, 16
63, 27, 24, 86, 35, 3
63, 27, 24, 108, 52, 14
63, 27, 24, 111, 42, 3
63, 27, 24, 111, 49, 19
63, 27, 24, 112, 41, 3
63, 27, 24, 114, 43, 19
63, 27, 24, 112, 50, 20
63, 27, 24, 113, 44, 20
63, 69, 11, 15, 52, 22
63, 72, 11, 19, 45, 25
63, 72, 11, 85, 122, 7
63, 73, 16, 49, 24, 20
63, 78, 16, 41, 29, 22
63, 79, 13, 33, 87, 14
63, 117, 7, 33, 87, 14
63, 125, 7, 33, 87, 14
64, 21, 24, 16, 47, 25
64, 21, 24, 89, 45, 2
64, 26, 24, 13, 47, 15
64, 58, 5, 25, 33, 7
64, 74, 16, 48, 23, 20
64, 77, 16, 49, 24, 20
64, 78, 13, 33, 87, 14
62, 96, 16, 22, 69, 20
62, 99, 16, 22, 69, 20
64, 100, 16, 22, 69, 20
64, 105, 16, 33, 95, 17
65, 69, 3, 44, 26, 22
65, 77, 4, 39, 95, 17
63, 101, 16, 36, 54, 21
64, 21, 14, 31, 26, 5
64, 26, 14, 12, 42, 4
64, 52, 6, 12, 42, 4
64, 52, 6, 113, 56, 19
64, 52, 6, 116, 50, 20
64, 52, 6, 118, 56, 19
64, 52, 6, 118, 50, 14
64, 52, 6, 119, 51, 14
64, 53, 19, 14, 41, 4
64, 53, 19, 83, 103, 5
64, 53, 19, 97, 75, 16
64, 53, 19, 98, 76, 16
64, 53, 19, 116, 50, 13
64, 53, 19, 117, 51, 13
64, 53, 19, 117, 51, 7
64, 53, 19, 119, 54, 13
64, 57, 19, 28, 38, 14
64, 98, 19, 22, 69, 20
64, 103, 19, 38, 54, 20
65, 69, 4, 44, 26, 22
65, 77, 4, 39, 95, 17
67, 88, 14, 28, 51, 4
67, 88, 14, 86, 121, 7
67, 88, 14, 102, 50, 4
67, 88, 14, 103, 50, 4
67, 96, 16, 22, 69, 20
66, 58, 19, 28, 38, 14
66, 69, 12, 15, 52, 22
66, 69, 12, 89, 109, 7
66, 69, 12, 97, 56, 4
66, 69, 12, 117, 48, 20
66, 75, 6, 46, 25, 21
66, 78, 6, 52, 25, 3
68, 90, 14, 22, 69, 20
68, 93, 14, 22, 69, 20
68, 97, 16, 22, 69, 20
67, 27, 14, 16, 47, 25
67, 27, 14, 117, 44, 20
69, 53, 19, 15, 52, 22
69, 53, 19, 100, 28, 5
69, 53, 19, 107, 64, 16
69, 53, 19, 112, 49, 4
69, 53, 19, 113, 50, 4
69, 53, 19, 114, 51, 4
69, 53, 19, 114, 66, 16
69, 53, 19, 115, 62, 19
69, 53, 19, 114, 51, 4
69, 53, 19, 118, 53, 13
69, 53, 19, 122, 51, 14
69, 53, 19, 123, 54, 13
67, 69, 14, 15, 52, 22
67, 69, 14, 117, 49, 14
67, 73, 14, 22, 45, 25
67, 74, 6, 44, 26, 22
67, 79, 6, 33, 95, 17
69, 98, 19, 22, 69, 20
67, 117, 7, 33, 87, 14
67, 125, 7, 33, 87, 14
68, 7, 3, 32, 46, 14
68, 11, 3, 32, 46, 14
68, 20, 14, 31, 26, 5
68, 59, 19, 22, 45, 25
68, 59, 19, 117, 41, 3
68, 68, 14, 15, 52, 22
68, 74, 14, 22, 45, 25
68, 80, 6, 33, 95, 17
68, 104, 19, 27, 70, 20
69, 12, 3, 32, 46, 14
69, 19, 3, 41, 25, 21
71, 20, 14, 31, 26, 5
69, 51, 6, 19, 45, 25
71, 54, 19, 16, 47, 25
71, 54, 19, 82, 105, 4
71, 54, 19, 82, 105, 5
71, 54, 19, 110, 47, 4
71, 54, 19, 111, 48, 4
69, 60, 4, 36, 41, 14
69, 67, 14, 19, 45, 25
71, 74, 14, 41, 29, 22
69, 75, 7, 44, 29, 22
69, 98, 7, 23, 70, 20
71, 99, 19, 33, 87, 14
71, 104, 19, 27, 70, 20
69, 105, 7, 33, 102, 12
70, 13, 3, 31, 45, 14
70, 17, 3, 44, 26, 22
72, 21, 14, 32, 25, 5
72, 27, 14, 22, 45, 25
72, 27, 14, 104, 63, 9
72, 27, 14, 106, 65, 22
72, 27, 14, 107, 68, 16
72, 27, 14, 108, 69, 16
70, 28, 4, 22, 45, 25
72, 55, 19, 19, 45, 25
72, 55, 19, 118, 42, 3
72, 59, 19, 19, 45, 25
70, 61, 4, 36, 41, 14
70, 65, 3, 41, 29, 22
72, 73, 14, 41, 29, 22
72, 75, 7, 32, 54, 21
72, 80, 6, 33, 95, 17
72, 88, 4, 34, 88, 14
73, 7, 3, 36, 41, 14
71, 19, 5, 40, 25, 6
71, 20, 9, 32, 26, 7
73, 25, 14, 22, 45, 25
71, 50, 6, 25, 33, 7
73, 58, 6, 44, 26, 22
71, 65, 4, 27, 31, 7
71, 66, 6, 23, 46, 25
73, 67, 14, 23, 46, 25
73, 72, 14, 41, 29, 22
73, 74, 7, 33, 95, 17
73, 79, 6, 33, 95, 17
73, 90, 4, 32, 82, 16
71, 112, 5, 39, 95, 17
72, 18, 5, 44, 26, 22
72, 19, 23, 23, 46, 25
72, 20, 24, 22, 45, 25
72, 24, 24, 22, 45, 25
72, 24, 24, 118, 44, 4
72, 24, 24, 119, 45, 4
72, 24, 24, 121, 46, 14
72, 24, 24, 122, 47, 14
74, 50, 6, 25, 33, 7
74, 57, 6, 26, 32, 7
74, 57, 6, 88, 50, 7
72, 57, 6, 44, 26, 22
72, 63, 6, 25, 33, 7
72, 65, 6, 32, 26, 7
74, 68, 7, 39, 25, 7
74, 73, 7, 33, 95, 17
74, 73, 6, 33, 95, 17
74, 78, 6, 33, 95, 17
73, 17, 5, 41, 26, 22
73, 18, 23, 41, 26, 22
73, 19, 25, 32, 46, 14
73, 20, 26, 30, 44, 14
73, 23, 26, 22, 45, 25
73, 23, 26, 99, 51, 7
73, 23, 26, 114, 54, 7
73, 23, 26, 115, 53, 7
73, 23, 26, 116, 52, 7
73, 24, 25, 22, 45, 25
73, 25, 24, 22, 45, 25
73, 25, 24, 120, 44, 3
75, 56, 6, 26, 32, 7
73, 56, 6, 26, 32, 7
73, 64, 6, 31, 27, 7
73, 64, 6, 31, 27, 7
75, 69, 7, 40, 26, 7
75, 72, 7, 44, 29, 22
75, 74, 6, 33, 95, 17
75, 77, 6, 32, 54, 21
73, 88, 19, 22, 69, 20
73, 91, 20, 22, 69, 20
73, 95, 20, 23, 70, 20
74, 16, 5, 41, 26, 22
74, 17, 8, 41, 26, 22
74, 18, 24, 41, 25, 21
74, 19, 26, 31, 26, 5
74, 20, 28, 28, 42, 14
74, 23, 28, 25, 37, 6
74, 24, 26, 23, 46, 25
74, 24, 26, 94, 56, 7
74, 25, 25, 22, 45, 25
74, 25, 25, 121, 45, 3
74, 25, 25, 123, 48, 13
74, 26, 20, 22, 45, 25
74, 26, 20, 117, 61, 19
74, 26, 20, 118, 60, 19
74, 26, 20, 122, 46, 4
74, 26, 20, 123, 47, 4
76, 28, 4, 30, 44, 14
76, 51, 6, 25, 33, 7
76, 55, 6, 25, 33, 7
74, 55, 6, 20, 43, 4
76, 73, 6, 43, 31, 21
76, 76, 3, 55, 88, 17
74, 117, 10, 33, 87, 14
74, 125, 10, 34, 88, 14
77, 8, 3, 44, 29, 22
75, 15, 5, 44, 26, 22
77, 17, 8, 41, 26, 22
77, 18, 24, 30, 44, 14
77, 19, 26, 28, 42, 14
77, 20, 28, 28, 42, 14
77, 23, 28, 28, 38, 14
77, 24, 26, 26, 37, 7
77, 25, 25, 28, 38, 14
77, 26, 20, 28, 38, 14
77, 26, 20, 124, 48, 4
77, 26, 20, 125, 49, 4
77, 52, 4, 25, 33, 7
75, 54, 6, 23, 46, 25
75, 55, 22, 22, 45, 25
75, 55, 22, 105, 48, 4
75, 55, 22, 106, 47, 4
75, 55, 22, 108, 46, 3
75, 55, 22, 124, 50, 13
75, 55, 22, 124, 53, 13
75, 59, 22, 22, 45, 25
75, 66, 10, 36, 41, 14
75, 67, 19, 35, 38, 14
75, 71, 19, 41, 29, 22
77, 75, 3, 50, 72, 26
75, 111, 5, 59, 60, 20
76, 14, 8, 41, 29, 22
76, 18, 8, 40, 25, 6
78, 18, 22, 39, 25, 7
78, 19, 25, 29, 43, 14
78, 20, 26, 32, 25, 5
78, 23, 26, 28, 38, 14
78, 24, 25, 28, 38, 14
78, 25, 24, 28, 38, 14
76, 29, 5, 29, 43, 14
76, 34, 5, 25, 36, 7
76, 45, 14, 22, 45, 25
76, 50, 14, 22, 45, 25
78, 53, 4, 27, 31, 7
78, 54, 6, 25, 36, 7
76, 55, 24, 22, 45, 25
76, 55, 24, 104, 49, 4
76, 55, 24, 124, 56, 7
76, 59, 24, 22, 45, 25
76, 61, 22, 23, 46, 25
76, 65, 10, 36, 41, 14
76, 66, 19, 35, 38, 14
76, 72, 16, 41, 29, 22
78, 74, 3, 56, 52, 21
78, 88, 19, 33, 87, 14
76, 90, 20, 33, 87, 14
78, 95, 20, 33, 87, 14
76, 95, 13, 33, 93, 11
76, 103, 13, 55, 65, 26
78, 105, 7, 55, 65, 26
79, 9, 3, 35, 38, 14
77, 13, 8, 41, 29, 22
79, 19, 22, 44, 13, 3
79, 20, 24, 46, 12, 4
79, 24, 24, 28, 38, 14
79, 25, 10, 28, 42, 14
79, 25, 10, 126, 50, 4
77, 28, 5, 29, 43, 14
77, 36, 5, 25, 36, 7
77, 42, 5, 25, 36, 7
77, 44, 14, 23, 46, 25
77, 44, 14, 101, 46, 4
77, 51, 14, 23, 46, 25
79, 54, 3, 41, 29, 22
79, 59, 24, 28, 42, 14
79, 59, 24, 118, 62, 4
77, 60, 23, 23, 46, 25
77, 60, 23, 81, 106, 4
77, 65, 19, 35, 38, 14
77, 67, 20, 35, 38, 14
77, 71, 20, 41, 29, 22
79, 72, 16, 32, 54, 21
79, 73, 3, 56, 52, 21
79, 90, 20, 33, 87, 14
79, 94, 20, 31, 77, 16
77, 95, 14, 33, 93, 11
77, 100, 14, 31, 77, 16
77, 110, 5, 55, 65, 26
77, 116, 10, 33, 93, 11
78, 12, 8, 41, 29, 22
80, 20, 9, 50, 10, 6
80, 23, 9, 36, 54, 21
78, 27, 16, 25, 33, 7
78, 27, 16, 111, 69, 16
78, 27, 16, 112, 68, 16
78, 27, 16, 113, 67, 16
78, 31, 16, 27, 50, 4
78, 38, 10, 24, 47, 4
78, 38, 10, 121, 59, 7
78, 38, 10, 122, 58, 7
78, 38, 10, 123, 57, 7
78, 44, 10, 25, 33, 7
80, 51, 14, 28, 38, 14
78, 52, 4, 25, 36, 7
80, 55, 24, 28, 38, 14
80, 55, 24, 102, 47, 4
80, 58, 24, 28, 42, 14
80, 58, 24, 89, 49, 9
80, 58, 24, 117, 63, 4
80, 61, 22, 28, 42, 14
78, 64, 11, 36, 41, 14
78, 66, 20, 35, 38, 14
80, 71, 20, 44, 29, 22
80, 72, 2, 55, 88, 17
80, 91, 4, 55, 65, 26
80, 103, 13, 34, 78, 18
78, 109, 5, 55, 65, 26
78, 116, 14, 33, 93, 11
78, 125, 14, 33, 95, 17
81, 10, 3, 44, 29, 22
79, 11, 8, 41, 29, 22
79, 26, 16, 28, 42, 14
79, 32, 16, 25, 37, 6
81, 44, 14, 27, 31, 7
81, 44, 14, 115, 52, 4
81, 44, 14, 115, 52, 4
81, 50, 14, 28, 38, 14
79, 53, 4, 26, 37, 7
81, 56, 23, 28, 42, 14
81, 60, 23, 29, 43, 14
81, 64, 11, 41, 29, 22
81, 65, 19, 36, 41, 14
81, 70, 20, 44, 29, 22
81, 71, 11, 33, 93, 11
81, 95, 14, 33, 93, 11
81, 100, 14, 31, 77, 16
79, 108, 5, 55, 65, 26
79, 115, 14, 33, 93, 11
80, 25, 5, 29, 43, 14
82, 26, 16, 29, 43, 14
80, 33, 15, 25, 36, 7
80, 33, 15, 110, 70, 9
80, 33, 15, 119, 43, 3
82, 45, 14, 28, 38, 14
80, 54, 4, 32, 26, 7
82, 57, 6, 35, 38, 14
82, 65, 17, 41, 29, 22
82, 66, 20, 36, 41, 14
82, 69, 20, 36, 41, 14
82, 70, 11, 33, 93, 11
82, 88, 3, 34, 88, 14
82, 95, 4, 59, 60, 20
82, 105, 4, 71, 54, 19
80, 107, 4, 33, 101, 17
80, 114, 6, 33, 93, 11
82, 115, 14, 33, 93, 11
82, 125, 14, 39, 93, 11
83, 11, 8, 41, 29, 22
83, 21, 8, 50, 10, 6
81, 24, 5, 30, 44, 14
83, 27, 16, 30, 44, 14
83, 32, 16, 28, 38, 14
81, 34, 15, 26, 37, 7
83, 38, 10, 28, 38, 14
81, 46, 19, 27, 38, 7
81, 49, 19, 28, 38, 14
81, 49, 19, 108, 63, 9
81, 55, 4, 31, 45, 14
83, 58, 6, 41, 26, 22
81, 106, 4, 77, 60, 23
83, 108, 5, 33, 101, 17
81, 113, 6, 33, 101, 17
83, 117, 14, 33, 93, 11
83, 124, 14, 39, 93, 11
84, 12, 8, 41, 29, 22
84, 20, 8, 49, 11, 6
82, 23, 5, 32, 46, 14
84, 28, 16, 31, 45, 14
84, 31, 16, 30, 44, 14
84, 37, 5, 30, 44, 14
84, 41, 10, 41, 26, 22
84, 44, 10, 29, 43, 14
82, 44, 20, 28, 38, 14
82, 49, 20, 28, 38, 14
82, 50, 19, 28, 38, 14
82, 56, 4, 30, 44, 14
84, 59, 6, 41, 29, 22
84, 68, 6, 46, 31, 21
82, 105, 5, 71, 54, 19
82, 108, 5, 33, 101, 17
84, 109, 5, 33, 101, 17
82, 116, 7, 33, 93, 11
84, 119, 14, 39, 93, 11
84, 123, 14, 39, 93, 11
85, 19, 8, 47, 16, 28
83, 22, 5, 57, 7, 6
85, 29, 15, 36, 54, 21
85, 36, 5, 31, 45, 14
85, 43, 5, 53, 52, 21
83, 50, 20, 29, 43, 14
83, 51, 19, 29, 43, 14
83, 57, 4, 30, 44, 14
85, 60, 6, 44, 26, 22
85, 67, 6, 40, 96, 17
83, 103, 5, 64, 53, 19
83, 115, 7, 33, 93, 11
85, 122, 7, 63, 72, 11
86, 13, 8, 41, 26, 22
86, 13, 8, 117, 46, 14
86, 18, 8, 47, 16, 28
84, 21, 17, 47, 11, 4
84, 24, 17, 36, 41, 14
86, 30, 15, 49, 23, 28
86, 34, 15, 32, 46, 14
86, 35, 3, 63, 27, 24
86, 44, 20, 31, 45, 14
84, 51, 20, 30, 44, 14
84, 52, 19, 30, 44, 14
84, 58, 3, 35, 38, 14
86, 61, 6, 44, 29, 22
86, 66, 6, 36, 59, 24
84, 69, 4, 39, 93, 11
84, 83, 5, 35, 89, 14
84, 93, 5, 55, 65, 26
84, 98, 5, 59, 60, 20
84, 112, 14, 56, 66, 26
84, 118, 14, 39, 95, 17
86, 121, 7, 67, 88, 14
85, 20, 3, 46, 44, 16
87, 21, 17, 36, 41, 14
85, 26, 17, 36, 41, 14
87, 51, 20, 32, 46, 14
87, 51, 20, 100, 45, 4
87, 52, 19, 32, 46, 14
85, 55, 19, 31, 45, 14
85, 59, 19, 41, 25, 21
85, 68, 16, 36, 41, 14
85, 72, 16, 33, 87, 14
85, 109, 5, 33, 101, 17
85, 119, 14, 39, 95, 17
87, 120, 7, 59, 79, 16
86, 19, 3, 51, 43, 16
86, 27, 17, 35, 38, 14
88, 33, 5, 36, 41, 14
88, 34, 3, 43, 31, 21
88, 50, 20, 35, 38, 14
88, 51, 19, 35, 38, 14
86, 54, 19, 32, 46, 14
86, 60, 6, 44, 29, 22
86, 67, 6, 39, 93, 11
86, 73, 16, 33, 87, 14
86, 108, 5, 33, 101, 17
88, 119, 14, 39, 95, 17
87, 18, 3, 51, 43, 16
87, 19, 27, 42, 24, 21
87, 22, 27, 35, 38, 14
87, 22, 27, 120, 60, 7
87, 24, 26, 35, 38, 14
87, 28, 17, 35, 38, 14
89, 32, 5, 51, 65, 26
89, 45, 20, 35, 38, 14
89, 49, 20, 41, 25, 21
87, 53, 19, 32, 46, 14
87, 74, 16, 33, 87, 14
87, 111, 7, 33, 101, 17
89, 112, 14, 41, 98, 17
89, 118, 14, 39, 95, 17
88, 23, 27, 41, 26, 22
88, 25, 26, 35, 38, 14
88, 28, 7, 58, 21, 24
88, 31, 7, 51, 65, 26
88, 50, 7, 74, 57, 6
88, 105, 12, 59, 60, 20
88, 108, 12, 33, 101, 17
88, 110, 7, 33, 102, 12
90, 117, 14, 40, 96, 17
89, 24, 27, 41, 26, 22
89, 26, 26, 41, 26, 22
91, 28, 17, 41, 26, 22
89, 32, 7, 51, 65, 26
89, 45, 2, 64, 21, 24
89, 49, 9, 80, 58, 24
91, 53, 19, 41, 29, 22
89, 70, 18, 34, 78, 18
89, 78, 18, 35, 89, 14
89, 83, 7, 34, 88, 14
89, 89, 7, 34, 88, 14
89, 96, 7, 39, 93, 11
89, 98, 17, 55, 65, 26
89, 101, 17, 38, 83, 16
89, 102, 12, 55, 60, 20
89, 109, 7, 66, 69, 12
91, 113, 14, 41, 98, 17
91, 116, 14, 41, 98, 17
92, 19, 27, 44, 13, 3
90, 25, 27, 41, 26, 22
92, 28, 16, 41, 26, 22
90, 33, 7, 36, 41, 14
90, 34, 3, 43, 31, 21
90, 46, 10, 41, 26, 22
90, 50, 10, 55, 65, 26
92, 60, 6, 51, 65, 26
92, 67, 6, 53, 28, 5
92, 70, 18, 38, 83, 16
92, 70, 18, 99, 66, 9
90, 82, 14, 35, 89, 14
90, 87, 14, 35, 89, 14
90, 96, 17, 39, 93, 11
90, 96, 17, 115, 65, 4
90, 96, 17, 116, 64, 4
90, 96, 17, 124, 53, 7
90, 96, 17, 125, 55, 4
90, 106, 14, 59, 60, 20
90, 112, 14, 41, 98, 17
92, 115, 7, 55, 88, 17
93, 20, 27, 44, 29, 22
91, 26, 27, 41, 26, 22
91, 34, 7, 36, 35, 7
93, 46, 10, 44, 26, 22
91, 51, 10, 38, 54, 20
93, 54, 19, 44, 29, 22
93, 59, 19, 46, 32, 16
93, 68, 16, 53, 30, 16
93, 71, 18, 51, 65, 26
91, 81, 14, 38, 83, 16
91, 88, 14, 38, 83, 16
91, 93, 11, 55, 65, 26
91, 95, 17, 55, 65, 26
91, 113, 14, 41, 98, 17
93, 114, 7, 55, 88, 17
94, 21, 27, 42, 30, 21
94, 26, 27, 41, 26, 22
92, 35, 5, 41, 29, 22
92, 44, 2, 48, 23, 20
94, 47, 10, 44, 26, 22
92, 52, 10, 38, 54, 20
94, 56, 7, 74, 24, 26
94, 58, 4, 51, 65, 26
92, 61, 6, 51, 65, 26
92, 66, 6, 52, 29, 16
94, 72, 18, 51, 65, 26
92, 83, 16, 38, 83, 16
92, 89, 14, 38, 83, 16
94, 113, 14, 41, 98, 17
95, 23, 5, 59, 60, 20
95, 34, 7, 55, 65, 26
93, 36, 5, 41, 26, 22
93, 43, 2, 44, 26, 22
93, 45, 7, 44, 26, 22
95, 48, 10, 44, 29, 22
93, 53, 10, 46, 44, 16
95, 55, 9, 46, 44, 16
93, 60, 6, 51, 65, 26
93, 61, 17, 51, 65, 26
93, 66, 17, 52, 29, 16
93, 67, 13, 52, 29, 16
95, 73, 18, 51, 65, 26
95, 89, 14, 51, 65, 26
95, 89, 14, 126, 54, 4
95, 112, 14, 57, 79, 13
96, 33, 7, 55, 65, 26
94, 37, 5, 42, 24, 21
94, 41, 14, 41, 25, 21
94, 45, 14, 41, 29, 22
96, 49, 10, 47, 26, 21
94, 54, 10, 46, 44, 16
94, 59, 17, 51, 65, 26
94, 68, 17, 53, 30, 16
96, 74, 18, 51, 65, 26
96, 78, 18, 51, 65, 26
96, 88, 14, 51, 65, 26
96, 111, 14, 55, 88, 17
97, 24, 7, 59, 60, 20
97, 32, 7, 46, 44, 16
95, 33, 6, 56, 66, 26
95, 37, 6, 44, 26, 22
95, 38, 14, 41, 25, 21
95, 46, 14, 44, 26, 22
97, 50, 10, 49, 24, 20
97, 54, 10, 46, 44, 16
95, 58, 4, 51, 65, 26
97, 68, 17, 51, 65, 26
97, 75, 16, 64, 53, 19
97, 83, 16, 51, 65, 26
97, 87, 14, 51, 65, 26
97, 93, 11, 55, 65, 26
97, 95, 17, 51, 65, 26
97, 101, 17, 56, 66, 26
97, 102, 12, 53, 93, 22
97, 106, 14, 55, 88, 17
97, 110, 14, 55, 88, 17
98, 25, 7, 59, 60, 20
96, 32, 6, 46, 44, 16
96, 38, 6, 44, 26, 22
98, 46, 14, 47, 26, 21
98, 46, 9, 49, 24, 20
98, 54, 9, 46, 44, 16
96, 57, 4, 57, 67, 26
98, 59, 17, 51, 65, 26
98, 67, 17, 51, 65, 26
98, 76, 16, 64, 53, 19
98, 82, 16, 51, 65, 26
99, 26, 7, 59, 60, 20
97, 30, 23, 44, 26, 22
97, 33, 23, 42, 24, 21
97, 34, 22, 42, 24, 21
99, 45, 14, 47, 26, 21
99, 45, 7, 56, 66, 26
99, 51, 7, 73, 23, 26
97, 56, 4, 66, 69, 12
99, 60, 17, 51, 65, 26
99, 66, 17, 51, 65, 26
99, 77, 16, 55, 88, 17
99, 81, 16, 51, 65, 26
100, 28, 5, 69, 53, 19
98, 29, 23, 44, 26, 22
98, 34, 23, 44, 26, 22
98, 35, 22, 44, 26, 22
100, 44, 14, 46, 32, 16
100, 45, 4, 87, 51, 20
98, 55, 14, 46, 44, 16
98, 58, 14, 51, 65, 26
100, 61, 17, 51, 65, 26
98, 68, 4, 45, 59, 15
101, 29, 23, 47, 26, 21
99, 35, 23, 44, 26, 22
99, 36, 22, 44, 26, 22
101, 38, 6, 48, 30, 20
101, 43, 14, 49, 24, 20
101, 46, 4, 77, 44, 14
99, 54, 14, 46, 44, 16
99, 62, 22, 51, 65, 26
99, 66, 22, 51, 65, 26
99, 66, 9, 92, 70, 18
99, 69, 9, 45, 59, 15
102, 29, 22, 47, 26, 21
102, 30, 23, 47, 26, 21
100, 36, 23, 46, 25, 21
100, 37, 22, 46, 25, 21
102, 38, 14, 47, 31, 20
102, 42, 14, 48, 30, 20
102, 47, 4, 80, 55, 24
102, 50, 4, 67, 88, 14
100, 53, 14, 54, 28, 5
100, 59, 14, 51, 65, 26
100, 68, 22, 51, 65, 26
100, 70, 9, 53, 58, 21
103, 30, 22, 48, 30, 20
103, 31, 23, 49, 23, 28
101, 37, 23, 47, 26, 21
103, 39, 5, 52, 29, 16
101, 52, 14, 52, 29, 16
101, 69, 22, 51, 65, 26
101, 71, 9, 53, 58, 21
104, 31, 22, 54, 23, 28
104, 32, 23, 59, 60, 20
104, 38, 5, 52, 29, 16
102, 51, 14, 52, 29, 16
104, 59, 14, 51, 65, 26
104, 62, 22, 51, 65, 26
102, 70, 22, 51, 65, 26
102, 72, 9, 53, 58, 21
105, 32, 22, 54, 23, 28
105, 33, 23, 59, 60, 20
105, 37, 23, 52, 29, 16
103, 50, 4, 67, 88, 14
105, 58, 14, 51, 65, 26
105, 64, 22, 53, 45, 16
103, 73, 9, 57, 53, 21
104, 49, 4, 76, 55, 24
106, 57, 14, 55, 65, 26
104, 63, 9, 72, 27, 14
106, 65, 22, 72, 27, 14
106, 70, 22, 51, 65, 26
105, 48, 4, 75, 55, 22
107, 51, 14, 53, 58, 21
107, 56, 14, 55, 65, 26
107, 73, 9, 59, 60, 20
106, 47, 4, 75, 55, 22
108, 52, 14, 63, 27, 24
108, 55, 14, 55, 65, 26
108, 63, 9, 81, 49, 19
108, 72, 9, 55, 60, 20
107, 64, 16, 69, 53, 19
107, 68, 16, 72, 27, 14
109, 71, 9, 59, 60, 20
108, 46, 3, 75, 55, 22
110, 47, 4, 71, 54, 19
108, 57, 16, 55, 65, 26
108, 61, 16, 55, 65, 26
108, 63, 16, 54, 59, 21
108, 69, 16, 72, 27, 14
110, 70, 9, 80, 33, 15
111, 48, 4, 71, 54, 19
109, 62, 16, 55, 65, 26
111, 69, 16, 78, 27, 16
110, 43, 19, 59, 60, 20
110, 48, 19, 59, 60, 20
112, 49, 4, 69, 53, 19
110, 58, 19, 56, 66, 26
110, 61, 19, 55, 65, 26
112, 68, 16, 78, 27, 16
111, 42, 3, 63, 27, 24
111, 49, 19, 63, 27, 24
113, 50, 4, 69, 53, 19
111, 57, 19, 57, 67, 26
111, 62, 19, 56, 66, 26
113, 67, 16, 78, 27, 16
112, 41, 3, 63, 27, 24
114, 43, 19, 63, 27, 24
112, 46, 20, 59, 60, 20
112, 50, 20, 63, 27, 24
114, 51, 4, 69, 53, 19
114, 62, 16, 59, 60, 20
114, 66, 16, 69, 53, 19
113, 44, 20, 63, 27, 24
115, 52, 4, 81, 44, 14
113, 56, 19, 64, 52, 6
115, 62, 19, 69, 53, 19
115, 65, 4, 90, 96, 17
116, 50, 20, 64, 52, 6
114, 51, 4, 69, 53, 19
114, 54, 7, 73, 23, 26
116, 64, 4, 90, 96, 17
117, 41, 3, 68, 59, 19
117, 44, 20, 67, 27, 14
117, 48, 20, 66, 69, 12
115, 52, 4, 81, 44, 14
115, 53, 7, 73, 23, 26
117, 61, 19, 74, 26, 20
117, 63, 4, 80, 58, 24
118, 42, 3, 72, 55, 19
118, 44, 4, 72, 24, 24
116, 50, 13, 64, 53, 19
116, 52, 7, 73, 23, 26
118, 56, 19, 64, 52, 6
118, 60, 19, 74, 26, 20
118, 62, 4, 79, 59, 24
119, 43, 3, 80, 33, 15
119, 45, 4, 72, 24, 24
117, 46, 14, 86, 13, 8
117, 49, 14, 67, 69, 14
117, 51, 13, 64, 53, 19
117, 51, 7, 64, 53, 19
120, 44, 3, 73, 25, 24
118, 50, 14, 64, 52, 6
118, 53, 13, 69, 53, 19
120, 60, 7, 87, 22, 27
121, 45, 3, 74, 25, 25
121, 46, 14, 72, 24, 24
119, 51, 14, 64, 52, 6
119, 54, 13, 64, 53, 19
121, 59, 7, 78, 38, 10
122, 46, 4, 74, 26, 20
122, 47, 14, 72, 24, 24
122, 51, 14, 69, 53, 19
122, 58, 7, 78, 38, 10
123, 47, 4, 74, 26, 20
123, 48, 13, 74, 25, 25
123, 54, 13, 69, 53, 19
123, 57, 7, 78, 38, 10
124, 48, 4, 77, 26, 20
124, 50, 13, 75, 55, 22
124, 53, 13, 75, 55, 22
124, 53, 7, 90, 96, 17
124, 56, 7, 76, 55, 24
125, 49, 4, 77, 26, 20
125, 55, 4, 90, 96, 17
126, 50, 4, 79, 25, 10
126, 54, 4, 95, 89, 14
